-- MySQL dump 10.13  Distrib 8.0.18, for Win64 (x86_64)
--
-- Host: 127.0.0.1    Database: vhr
-- ------------------------------------------------------
-- Server version	8.0.18

/*!40101 SET @OLD_CHARACTER_SET_CLIENT=@@CHARACTER_SET_CLIENT */;
/*!40101 SET @OLD_CHARACTER_SET_RESULTS=@@CHARACTER_SET_RESULTS */;
/*!40101 SET @OLD_COLLATION_CONNECTION=@@COLLATION_CONNECTION */;
/*!50503 SET NAMES utf8mb4 */;
/*!40103 SET @OLD_TIME_ZONE=@@TIME_ZONE */;
/*!40103 SET TIME_ZONE='+00:00' */;
/*!40014 SET @OLD_UNIQUE_CHECKS=@@UNIQUE_CHECKS, UNIQUE_CHECKS=0 */;
/*!40014 SET @OLD_FOREIGN_KEY_CHECKS=@@FOREIGN_KEY_CHECKS, FOREIGN_KEY_CHECKS=0 */;
/*!40101 SET @OLD_SQL_MODE=@@SQL_MODE, SQL_MODE='NO_AUTO_VALUE_ON_ZERO' */;
/*!40111 SET @OLD_SQL_NOTES=@@SQL_NOTES, SQL_NOTES=0 */;

--
-- Table structure for table `area`
--

DROP TABLE IF EXISTS `area`;
/*!40101 SET @saved_cs_client     = @@character_set_client */;
/*!50503 SET character_set_client = utf8mb4 */;
CREATE TABLE `area` (
  `area_id` bigint(20) NOT NULL AUTO_INCREMENT COMMENT '区域ID',
  `abbreviate_name` varchar(50) NOT NULL COMMENT '简称',
  `full_name` varchar(50) NOT NULL COMMENT '全称',
  `parent_id` bigint(20) NOT NULL DEFAULT '0' COMMENT '上级区域ID',
  `longitude` float NOT NULL DEFAULT '0' COMMENT '经度',
  `latitude` float NOT NULL DEFAULT '0' COMMENT '纬度',
  `area_level` int(1) NOT NULL COMMENT '等级(1省/直辖市,2地级市,3区县,4镇/街道)',
  `sort` int(3) NOT NULL DEFAULT '1' COMMENT '排序',
  `is_deleted` int(1) NOT NULL DEFAULT '0' COMMENT '是否删除(0未删除/1已删除)',
  PRIMARY KEY (`area_id`)
) ENGINE=InnoDB AUTO_INCREMENT=659004503 DEFAULT CHARSET=utf8 COMMENT='区域表';
/*!40101 SET character_set_client = @saved_cs_client */;

--
-- Dumping data for table `area`
--

LOCK TABLES `area` WRITE;
/*!40000 ALTER TABLE `area` DISABLE KEYS */;
/*!40000 ALTER TABLE `area` ENABLE KEYS */;
UNLOCK TABLES;

--
-- Table structure for table `department`
--

DROP TABLE IF EXISTS `department`;
/*!40101 SET @saved_cs_client     = @@character_set_client */;
/*!50503 SET character_set_client = utf8mb4 */;
CREATE TABLE `department` (
  `department_id` bigint(20) NOT NULL AUTO_INCREMENT COMMENT '部门ID',
  `department_name` varchar(32) NOT NULL COMMENT '部门名称',
  `department_level` int(11) DEFAULT NULL COMMENT '部门级别',
  `parent_id` bigint(20) DEFAULT NULL COMMENT '上级部门ID',
  `is_enabled` tinyint(1) DEFAULT '1' COMMENT '是否生效，0-未生效，1-生效',
  `is_deleted` tinyint(1) DEFAULT '0' COMMENT '是否逻辑删除，1-表示删除，0-表示未删除 ',
  `create_time` datetime DEFAULT NULL COMMENT '创建时间',
  `update_time` datetime DEFAULT NULL COMMENT '更新时间',
  PRIMARY KEY (`department_id`)
) ENGINE=InnoDB AUTO_INCREMENT=112 DEFAULT CHARSET=utf8 COMMENT='部门表';
/*!40101 SET character_set_client = @saved_cs_client */;

--
-- Dumping data for table `department`
--

LOCK TABLES `department` WRITE;
/*!40000 ALTER TABLE `department` DISABLE KEYS */;
INSERT INTO `department` (`department_id`, `department_name`, `department_level`, `parent_id`, `is_enabled`, `is_deleted`, `create_time`, `update_time`) VALUES (1,'股东会',1,0,1,0,'2019-09-20 18:50:51',NULL),(4,'董事会',2,1,1,0,'2019-09-20 18:50:53',NULL),(5,'总经理办公室',3,4,1,0,'2019-09-20 18:50:54',NULL),(8,'财务部',4,5,1,0,'2019-09-20 18:50:56',NULL),(78,'市场部',4,5,1,0,'2019-09-20 18:50:57',NULL),(81,'华北市场部',5,78,1,0,'2019-09-20 18:50:59',NULL),(82,'华南市场部',5,78,1,0,'2019-09-20 18:51:00',NULL),(85,'石家庄市场部',6,81,1,0,'2019-09-20 18:51:01',NULL),(86,'西北市场部',5,78,1,0,'2019-09-20 18:51:03',NULL),(87,'西安市场',6,86,1,0,'2019-09-20 18:51:04',NULL),(89,'莲湖区市场',7,87,1,0,'2019-09-20 18:51:06',NULL),(91,'技术部',4,5,1,0,'2019-09-20 18:51:07',NULL),(92,'运维部',4,5,1,0,'2019-09-20 18:51:08',NULL),(93,'华东市场部',5,78,1,0,'2019-10-15 17:58:57','2019-10-15 17:58:57');
/*!40000 ALTER TABLE `department` ENABLE KEYS */;
UNLOCK TABLES;

--
-- Table structure for table `employee`
--

DROP TABLE IF EXISTS `employee`;
/*!40101 SET @saved_cs_client     = @@character_set_client */;
/*!50503 SET character_set_client = utf8mb4 */;
CREATE TABLE `employee` (
  `employee_id` bigint(20) NOT NULL AUTO_INCREMENT COMMENT '员工ID',
  `employee_name` varchar(10) NOT NULL COMMENT '员工姓名',
  `gender` char(4) DEFAULT NULL COMMENT '性别',
  `birthday` date DEFAULT NULL COMMENT '出生日期',
  `id_card` char(18) DEFAULT NULL COMMENT '身份证号',
  `marital_status` enum('已婚','未婚','离异') DEFAULT NULL COMMENT '婚姻状况',
  `nation_id` bigint(20) DEFAULT NULL COMMENT '民族',
  `nation_name` varchar(32) DEFAULT NULL COMMENT '民族名称',
  `native_place` varchar(20) DEFAULT NULL COMMENT '籍贯',
  `political_status_id` bigint(20) DEFAULT NULL COMMENT '政治面貌ID',
  `political_status_name` varchar(32) DEFAULT NULL COMMENT '政治面貌名称',
  `email` varchar(20) DEFAULT NULL COMMENT '邮箱',
  `phone` varchar(11) DEFAULT NULL COMMENT '电话号码',
  `address` varchar(64) DEFAULT NULL COMMENT '联系地址',
  `department_id` bigint(20) DEFAULT NULL COMMENT '所属部门ID',
  `department_name` varchar(32) DEFAULT NULL COMMENT '所在部门名称',
  `professional_title_id` bigint(20) DEFAULT NULL COMMENT '职称ID',
  `professional_title_name` varchar(32) DEFAULT NULL COMMENT '职称名称',
  `position_id` bigint(20) DEFAULT NULL COMMENT '职位ID',
  `position_name` varchar(32) DEFAULT NULL COMMENT '职位名称',
  `employment_form` varchar(8) DEFAULT NULL COMMENT '聘用形式',
  `highest_degree` enum('博士','硕士','本科','大专','高中','初中','小学','其他') DEFAULT NULL COMMENT '最高学历',
  `school` varchar(32) DEFAULT NULL COMMENT '毕业院校',
  `specialty` varchar(32) DEFAULT NULL COMMENT '所属专业',
  `position_start_date` date DEFAULT NULL COMMENT '入职日期',
  `working_status` enum('在职','离职') DEFAULT '在职' COMMENT '在职状态',
  `work_number` char(8) DEFAULT NULL COMMENT '工号',
  `contract_period` double DEFAULT NULL COMMENT '合同期限',
  `conversion_date` date DEFAULT NULL COMMENT '转正日期',
  `dimission_date` date DEFAULT NULL COMMENT '离职日期',
  `contract_begin` date DEFAULT NULL COMMENT '合同起始日期',
  `contract_end` date DEFAULT NULL COMMENT '合同终止日期',
  `work_age` int(11) DEFAULT NULL COMMENT '工龄',
  `is_deleted` tinyint(1) DEFAULT '0' COMMENT '是否逻辑删除，1-表示删除，0-表示未删除',
  `create_time` datetime DEFAULT NULL COMMENT '创建时间',
  `update_time` datetime DEFAULT NULL COMMENT '更新时间',
  PRIMARY KEY (`employee_id`),
  KEY `departmentId` (`department_id`),
  KEY `jobId` (`professional_title_id`),
  KEY `dutyId` (`position_id`),
  KEY `nationId` (`nation_id`),
  KEY `politicId` (`political_status_id`),
  KEY `workID_key` (`work_number`)
) ENGINE=InnoDB AUTO_INCREMENT=1521 DEFAULT CHARSET=utf8 COMMENT='员工表';
/*!40101 SET character_set_client = @saved_cs_client */;

--
-- Dumping data for table `employee`
--

LOCK TABLES `employee` WRITE;
/*!40000 ALTER TABLE `employee` DISABLE KEYS */;
INSERT INTO `employee` (`employee_id`, `employee_name`, `gender`, `birthday`, `id_card`, `marital_status`, `nation_id`, `nation_name`, `native_place`, `political_status_id`, `political_status_name`, `email`, `phone`, `address`, `department_id`, `department_name`, `professional_title_id`, `professional_title_name`, `position_id`, `position_name`, `employment_form`, `highest_degree`, `school`, `specialty`, `position_start_date`, `working_status`, `work_number`, `contract_period`, `conversion_date`, `dimission_date`, `contract_begin`, `contract_end`, `work_age`, `is_deleted`, `create_time`, `update_time`) VALUES (1,'江南一点雨','男','1990-01-01','610122199001011256','已婚',1,'汉族','陕西',13,'普通公民','laowang@qq.com','18565558897','深圳市南山区',5,'总经理办公室',9,'教授',29,'技术总监','劳务合同','本科','深圳大学','信息管理与信息系统','2018-01-01','在职','00000001',2,'2018-04-01',NULL,'2018-01-01','2020-01-01',NULL,0,'2019-10-05 20:26:32',NULL),(2,'陈静','女','1989-02-01','421288198902011234','已婚',1,'汉族','海南',1,'中共党员','chenjing@qq.com','18795556693','海南省海口市美兰区',8,'财务部',12,'助教',30,'运营总监','劳动合同','高中','武汉大学','市场营销','2015-06-09','在职','00000002',3,'2015-09-10',NULL,'2015-06-09','2018-06-08',NULL,0,'2019-10-05 20:26:36',NULL),(3,'赵琳浩','男','1993-03-04','610122199303041456','未婚',1,'汉族','陕西',3,'共青团员','zhao@qq.com','15698887795','陕西省西安市莲湖区',91,'技术部',12,'助教',33,'研发工程师','劳动合同','博士','哈尔滨理工大学','电子工程','2018-01-01','在职','00000003',3.5,'2018-04-01',NULL,'2018-01-01','2021-07-14',NULL,0,'2019-10-05 20:26:39',NULL),(4,'鹿存亮','男','1990-01-03','610122199001031456','已婚',1,'汉族','陕西',3,'共青团员','zhao@qq.com','15612347795','陕西省西安市莲湖区',92,'运维部',12,'助教',34,'运维工程师','劳动合同','高中','哈尔滨理工大学','电子工程','2018-01-01','在职','00000004',3.5,'2018-04-01',NULL,'2018-01-01','2021-07-14',NULL,0,'2019-10-05 20:26:41',NULL),(5,'姚森','男','1991-02-05','610122199102058952','已婚',1,'汉族','河南',3,'共青团员','yaosen@qq.com','14785559936','河南洛阳人民大道58号',92,'运维部',15,'中级工程师',34,'运维工程师','劳动合同','硕士','西北大学','室内装修设计','2017-01-02','在职','00000005',7,'2017-04-02',NULL,'2017-01-02','2024-01-17',NULL,0,'2019-10-05 20:26:42',NULL),(6,'云星','女','1993-01-05','610122199301054789','已婚',1,'汉族','陕西西安',1,'中共党员','yunxing@qq.com','15644442252','陕西西安新城区',92,'运维部',16,'高级工程师',34,'运维工程师','劳务合同','硕士','西安电子科技学校','通信工程','2018-01-01','在职','00000006',5.25,'2018-04-01',NULL,'2018-01-01','2023-04-13',NULL,0,'2019-10-05 20:26:44',NULL),(7,'贾旭明','男','1993-11-11','610122199311111234','已婚',1,'汉族','广东广州',4,'民革党员','jiaxuming@qq.com','15644441234','广东省广州市天河区冼村路',78,'市场部',15,'中级工程师',33,'研发工程师','劳务合同','初中','西北大学','通信工程','2018-01-01','在职','00000007',5.25,'2018-04-01',NULL,'2018-01-01','2023-04-13',NULL,0,'2019-10-05 20:26:49',NULL),(8,'张黎明','男','1991-02-01','610144199102014569','已婚',1,'汉族','广东',6,'民建会员','zhangliming@qq.com','18979994478','广东珠海',91,'技术部',15,'中级工程师',33,'研发工程师','劳动合同','高中','清华大学','考古','2018-01-01','在职','00000008',7,'2018-04-01',NULL,'2018-01-01','2025-01-30',NULL,0,'2019-10-05 20:26:50',NULL),(9,'薛磊','男','1992-07-01','610144199207017895','已婚',1,'汉族','陕西西安',13,'普通公民','xuelei@qq.com','15648887741','西安市雁塔区',92,'运维部',14,'初级工程师',34,'运维工程师','劳动合同','初中','华胥中学','无','2018-01-01','在职','00000009',6,'2018-04-01',NULL,'2018-01-01','2024-01-17',NULL,0,'2019-10-05 20:26:53',NULL),(10,'张洁','女','1990-10-09','420177199010093652','未婚',1,'汉族','海南',5,'民盟盟员','zhangjie@qq.com','13695557742','海口市美兰区',92,'运维部',16,'高级工程师',34,'运维工程师','劳动合同','高中','海南侨中','无','2018-01-01','在职','00000010',1,'2018-01-31',NULL,'2018-01-01','2019-01-01',NULL,0,'2019-10-05 20:26:54',NULL),(11,'江南一点雨2','男','1990-01-01','610122199001011256','已婚',1,'汉族','陕西',13,'普通公民','laowang@qq.com','18565558897','深圳市南山区',91,'技术部',9,'教授',29,'技术总监','劳动合同','本科','深圳大学','信息管理与信息系统','2018-01-01','在职','00000011',1,'2018-04-01',NULL,'2018-01-01','2019-01-01',NULL,0,'2019-10-05 20:26:55',NULL),(12,'陈静2','女','1989-02-01','421288198902011234','已婚',1,'汉族','海南',1,'中共党员','chenjing@qq.com','18795556693','海南省海口市美兰区',82,'华南市场部',12,'助教',30,'运营总监','劳动合同','高中','武汉大学','市场营销','2015-06-09','在职','00000012',3,'2015-09-10',NULL,'2015-06-09','2018-06-08',NULL,0,'2019-10-05 20:26:57',NULL),(13,'赵琳浩2','男','1993-03-04','610122199303041456','未婚',1,'汉族','陕西',3,'共青团员','zhao@qq.com','15698887795','陕西省西安市莲湖区',91,'技术部',12,'助教',33,'研发工程师','劳动合同','博士','哈尔滨理工大学','电子工程','2018-01-01','在职','00000013',3.5,'2018-04-01',NULL,'2018-01-01','2021-07-14',NULL,0,'2019-10-05 20:26:58',NULL),(14,'鹿存亮2','男','1990-01-03','610122199001031456','已婚',1,'汉族','陕西',3,'共青团员','zhao@qq.com','15612347795','陕西省西安市莲湖区',92,'运维部',12,'助教',34,'运维工程师','劳动合同','高中','哈尔滨理工大学','电子工程','2018-01-01','在职','00000014',3.5,'2018-04-01',NULL,'2018-01-01','2021-07-14',NULL,0,'2019-10-05 20:27:00',NULL),(15,'姚森2','男','1991-02-05','610122199102058952','已婚',1,'汉族','河南',3,'共青团员','yaosen@qq.com','14785559936','河南洛阳人民大道58号',92,'运维部',15,'中级工程师',34,'运维工程师','劳动合同','初中','西北大学','室内装修设计','2017-01-02','在职','00000015',7,'2017-04-02',NULL,'2017-01-02','2024-01-17',NULL,0,'2019-10-05 20:27:01',NULL),(16,'云星2','女','1993-01-05','610122199301054789','已婚',1,'汉族','陕西西安',1,'中共党员','yunxing@qq.com','15644442252','陕西西安新城区',92,'运维部',16,'高级工程师',34,'运维工程师','劳务合同','硕士','西安电子科技学校','通信工程','2018-01-01','在职','00000016',5.25,'2018-04-01',NULL,'2018-01-01','2023-04-13',NULL,0,'2019-10-05 20:27:03',NULL),(17,'贾旭明2','男','1993-11-11','610122199311111234','已婚',1,'汉族','广东广州',4,'民革党员','jiaxuming@qq.com','15644441234','广东省广州市天河区冼村路',78,'市场部',15,'中级工程师',33,'研发工程师','劳务合同','初中','西北大学','通信工程','2018-01-01','在职','00000017',5.25,'2018-04-01',NULL,'2018-01-01','2023-04-13',NULL,0,'2019-10-05 20:27:06',NULL),(18,'王一亭','男','1991-02-01','610144199102014569','已婚',1,'汉族','广东',6,'民建会员','zhangliming@qq.com','18979994478','广东珠海',91,'技术部',15,'中级工程师',33,'研发工程师','劳动合同','高中','清华大学','考古','2018-01-01','在职','00000018',7,'2018-04-01',NULL,'2018-01-01','2025-01-30',NULL,0,'2019-10-05 20:27:07',NULL),(19,'薛磊2','男','1992-07-01','610144199207017895','已婚',1,'汉族','陕西西安',13,'普通公民','xuelei@qq.com','15648887741','西安市雁塔区',92,'运维部',14,'初级工程师',34,'运维工程师','劳动合同','初中','华胥中学','无','2018-01-01','在职','00000019',1,'2018-04-01',NULL,'2018-01-01','2019-01-01',NULL,0,'2019-10-05 20:27:08',NULL),(20,'张洁2','女','1990-10-09','420177199010093652','未婚',1,'汉族','海南',5,'民盟盟员','zhangjie@qq.com','13695557742','海口市美兰区',92,'运维部',16,'高级工程师',34,'运维工程师','劳动合同','高中','海南侨中','无','2018-01-01','在职','00000020',1,'2018-01-31',NULL,'2018-01-01','2019-01-01',NULL,0,'2019-10-05 20:27:10',NULL),(21,'江南一点雨3','男','1990-01-01','610122199001011256','已婚',1,'汉族','陕西',13,'普通公民','laowang@qq.com','18565558897','深圳市南山区',8,'财务部',9,'教授',29,'技术总监','劳动合同','本科','深圳大学','信息管理与信息系统','2018-01-01','在职','00000021',1,'2018-04-01',NULL,'2018-01-01','2019-01-01',NULL,0,'2019-10-05 20:27:11',NULL),(22,'陈静3','女','1989-02-01','421288198902011234','已婚',1,'汉族','海南',1,'中共党员','chenjing@qq.com','18795556693','海南省海口市美兰区',82,'华南市场部',12,'助教',30,'运营总监','劳动合同','高中','武汉大学','市场营销','2015-06-09','在职','00000022',3,'2015-09-10',NULL,'2015-06-09','2018-06-08',NULL,0,'2019-10-05 20:27:14',NULL),(24,'鹿存亮3','男','1990-01-03','610122199001031456','已婚',1,'汉族','陕西',3,'共青团员','zhao@qq.com','15612347795','陕西省西安市莲湖区',92,'运维部',12,'助教',34,'运维工程师','劳动合同','高中','哈尔滨理工大学','电子工程','2018-01-01','在职','00000024',3.5,'2018-04-01',NULL,'2018-01-01','2021-07-14',NULL,0,'2019-10-05 20:27:15',NULL),(25,'姚森3','男','1991-02-05','610122199102058952','已婚',1,'汉族','河南',3,'共青团员','yaosen@qq.com','14785559936','河南洛阳人民大道58号',92,'运维部',15,'中级工程师',34,'运维工程师','劳动合同','初中','西北大学','室内装修设计','2017-01-02','在职','00000025',7,'2017-04-02',NULL,'2017-01-02','2024-01-17',NULL,0,'2019-10-05 20:27:16',NULL),(26,'云星3','女','1993-01-05','610122199301054789','已婚',1,'汉族','陕西西安',1,'中共党员','yunxing@qq.com','15644442252','陕西西安新城区',92,'运维部',16,'高级工程师',34,'运维工程师','劳务合同','硕士','西安电子科技学校','通信工程','2018-01-01','在职','00000026',5.25,'2018-04-01',NULL,'2018-01-01','2023-04-13',NULL,0,'2019-10-05 20:27:18',NULL),(27,'贾旭明3','男','1993-11-11','610122199311111234','已婚',1,'汉族','广东广州',4,'民革党员','jiaxuming@qq.com','15644441234','广东省广州市天河区冼村路',78,'市场部',15,'中级工程师',33,'研发工程师','劳务合同','初中','西北大学','通信工程','2018-01-01','在职','00000027',5.25,'2018-04-01',NULL,'2018-01-01','2023-04-13',NULL,0,'2019-10-05 20:27:20',NULL),(28,'张黎明3','男','1991-02-01','610144199102014569','已婚',1,'汉族','广东',6,'民建会员','zhangliming@qq.com','18979994478','广东珠海',91,'技术部',15,'中级工程师',33,'研发工程师','劳动合同','高中','清华大学','考古','2018-01-01','在职','00000028',7,'2018-04-01',NULL,'2018-01-01','2025-01-30',NULL,0,'2019-10-05 20:27:22',NULL),(29,'薛磊3','男','1992-07-01','610144199207017895','已婚',1,'汉族','陕西西安',13,'普通公民','xuelei@qq.com','15648887741','西安市雁塔区',92,'运维部',14,'初级工程师',34,'运维工程师','劳动合同','初中','华胥中学','无','2018-01-01','在职','00000029',6,'2018-04-01',NULL,'2018-01-01','2024-01-17',NULL,0,NULL,NULL),(31,'江南一点雨4','男','1990-01-01','610122199001011256','已婚',1,'汉族','陕西',13,'普通公民','laowang@qq.com','18565558897','深圳市南山区',8,'财务部',9,'教授',29,'技术总监','劳动合同','本科','深圳大学','信息管理与信息系统','2018-01-01','在职','00000031',1,'2018-04-01',NULL,'2018-01-01','2019-01-01',NULL,0,NULL,NULL),(32,'陈静4','女','1989-02-01','421288198902011234','已婚',1,'汉族','海南',1,'中共党员','chenjing@qq.com','18795556693','海南省海口市美兰区',82,'华南市场部',12,'助教',30,'运营总监','劳动合同','高中','武汉大学','市场营销','2015-06-09','在职','00000032',3,'2015-09-10',NULL,'2015-06-09','2018-06-08',NULL,0,NULL,NULL),(33,'赵琳浩4','男','1993-03-04','610122199303041456','未婚',1,'汉族','陕西',3,'共青团员','zhao@qq.com','15698887795','陕西省西安市莲湖区',91,'技术部',12,'助教',33,'研发工程师','劳动合同','博士','哈尔滨理工大学','电子工程','2018-01-01','在职','00000033',3.5,'2018-04-01',NULL,'2018-01-01','2021-07-14',NULL,0,NULL,NULL),(34,'鹿存亮4','男','1990-01-03','610122199001031456','已婚',1,'汉族','陕西',3,'共青团员','zhao@qq.com','15612347795','陕西省西安市莲湖区',92,'运维部',12,'助教',34,'运维工程师','劳动合同','高中','哈尔滨理工大学','电子工程','2018-01-01','在职','00000034',3.5,'2018-04-01',NULL,'2018-01-01','2021-07-14',NULL,0,NULL,NULL),(35,'姚森4','男','1991-02-05','610122199102058952','已婚',1,'汉族','河南',3,'共青团员','yaosen@qq.com','14785559936','河南洛阳人民大道58号',92,'运维部',15,'中级工程师',34,'运维工程师','劳动合同','初中','西北大学','室内装修设计','2017-01-02','在职','00000035',7,'2017-04-02',NULL,'2017-01-02','2024-01-17',NULL,0,NULL,NULL),(36,'云星4','女','1993-01-05','610122199301054789','已婚',1,'汉族','陕西西安',1,'中共党员','yunxing@qq.com','15644442252','陕西西安新城区',92,'运维部',16,'高级工程师',34,'运维工程师','劳务合同','硕士','西安电子科技学校','通信工程','2018-01-01','在职','00000036',5.25,'2018-04-01',NULL,'2018-01-01','2023-04-13',NULL,0,NULL,NULL),(37,'贾旭明4','男','1993-11-11','610122199311111234','已婚',1,'汉族','广东广州',4,'民革党员','jiaxuming@qq.com','15644441234','广东省广州市天河区冼村路',78,'市场部',15,'中级工程师',33,'研发工程师','劳务合同','初中','西北大学','通信工程','2018-01-01','在职','00000037',5.25,'2018-04-01',NULL,'2018-01-01','2023-04-13',NULL,0,NULL,NULL),(38,'张黎明2','男','1991-02-01','610144199102014569','已婚',1,'汉族','广东',6,'民建会员','zhangliming@qq.com','18979994478','广东珠海',91,'技术部',15,'中级工程师',33,'研发工程师','劳动合同','高中','清华大学','考古','2018-01-01','在职','00000038',7,'2018-04-01',NULL,'2018-01-01','2025-01-30',NULL,0,NULL,NULL),(39,'薛磊4','男','1992-07-01','610144199207017895','已婚',1,'汉族','陕西西安',13,'普通公民','xuelei@qq.com','15648887741','西安市雁塔区',92,'运维部',14,'初级工程师',34,'运维工程师','劳动合同','初中','华胥中学','无','2018-01-01','在职','00000039',6,'2018-04-01',NULL,'2018-01-01','2024-01-17',NULL,0,NULL,NULL),(40,'张洁4','女','1990-10-09','420177199010093652','未婚',1,'汉族','海南',5,'民盟盟员','zhangjie@qq.com','13695557742','海口市美兰区',92,'运维部',16,'高级工程师',34,'运维工程师','劳动合同','高中','海南侨中','无','2018-01-01','在职','00000040',1,'2018-01-31',NULL,'2018-01-01','2019-01-01',NULL,0,NULL,NULL),(41,'江南一点雨5','男','1990-01-01','610122199001011256','已婚',1,'汉族','陕西',13,'普通公民','laowang@qq.com','18565558897','深圳市南山区',8,'财务部',9,'教授',29,'技术总监','劳动合同','本科','深圳大学','信息管理与信息系统','2018-01-01','在职','00000041',1,'2018-04-01',NULL,'2018-01-01','2019-01-01',NULL,0,NULL,NULL),(42,'陈静5','女','1989-02-01','421288198902011234','已婚',1,'汉族','海南',1,'中共党员','chenjing@qq.com','18795556693','海南省海口市美兰区',82,'华南市场部',12,'助教',30,'运营总监','劳动合同','高中','武汉大学','市场营销','2015-06-09','在职','00000042',3,'2015-09-10',NULL,'2015-06-09','2018-06-08',NULL,0,NULL,NULL),(43,'赵琳浩5','男','1993-03-04','610122199303041456','未婚',1,'汉族','陕西',3,'共青团员','zhao@qq.com','15698887795','陕西省西安市莲湖区',91,'技术部',12,'助教',33,'研发工程师','劳动合同','博士','哈尔滨理工大学','电子工程','2018-01-01','在职','00000043',3.5,'2018-04-01',NULL,'2018-01-01','2021-07-14',NULL,0,NULL,NULL),(44,'鹿存亮5','男','1990-01-03','610122199001031456','已婚',1,'汉族','陕西',3,'共青团员','zhao@qq.com','15612347795','陕西省西安市莲湖区',92,'运维部',12,'助教',34,'运维工程师','劳动合同','高中','哈尔滨理工大学','电子工程','2018-01-01','在职','00000044',3.5,'2018-04-01',NULL,'2018-01-01','2021-07-14',NULL,0,NULL,NULL),(45,'姚森5','男','1991-02-05','610122199102058952','已婚',1,'汉族','河南',3,'共青团员','yaosen@qq.com','14785559936','河南洛阳人民大道58号',92,'运维部',15,'中级工程师',34,'运维工程师','劳动合同','初中','西北大学','室内装修设计','2017-01-02','在职','00000045',7,'2017-04-02',NULL,'2017-01-02','2024-01-17',NULL,0,NULL,NULL),(46,'云星5','女','1993-01-05','610122199301054789','已婚',1,'汉族','陕西西安',1,'中共党员','yunxing@qq.com','15644442252','陕西西安新城区',92,'运维部',16,'高级工程师',34,'运维工程师','劳务合同','硕士','西安电子科技学校','通信工程','2018-01-01','在职','00000046',5.25,'2018-04-01',NULL,'2018-01-01','2023-04-13',NULL,0,NULL,NULL),(47,'贾旭明5','男','1993-11-11','610122199311111234','已婚',1,'汉族','广东广州',4,'民革党员','jiaxuming@qq.com','15644441234','广东省广州市天河区冼村路',78,'市场部',15,'中级工程师',33,'研发工程师','劳务合同','初中','西北大学','通信工程','2018-01-01','在职','00000047',5.25,'2018-04-01',NULL,'2018-01-01','2023-04-13',NULL,0,NULL,NULL),(48,'张黎明5','男','1991-02-01','610144199102014569','已婚',1,'汉族','广东',6,'民建会员','zhangliming@qq.com','18979994478','广东珠海',91,'技术部',15,'中级工程师',33,'研发工程师','劳动合同','高中','清华大学','考古','2018-01-01','在职','00000048',7,'2018-04-01',NULL,'2018-01-01','2025-01-30',NULL,0,NULL,NULL),(49,'薛磊5','男','1992-07-01','610144199207017895','已婚',1,'汉族','陕西西安',13,'普通公民','xuelei@qq.com','15648887741','西安市雁塔区',92,'运维部',14,'初级工程师',34,'运维工程师','劳动合同','初中','华胥中学','无','2018-01-01','在职','00000049',6,'2018-04-01',NULL,'2018-01-01','2024-01-17',NULL,0,NULL,NULL),(50,'张洁5','女','1990-10-09','420177199010093652','未婚',1,'汉族','海南',5,'民盟盟员','zhangjie@qq.com','13695557742','海口市美兰区',92,'运维部',16,'高级工程师',34,'运维工程师','劳动合同','高中','海南侨中','无','2018-01-01','在职','00000050',1,'2018-01-31',NULL,'2018-01-01','2019-01-01',NULL,0,NULL,NULL),(51,'江南一点雨6','男','1990-01-01','610122199001011256','已婚',1,'汉族','陕西',13,'普通公民','laowang@qq.com','18565558897','深圳市南山区',8,'财务部',9,'教授',29,'技术总监','劳动合同','本科','深圳大学','信息管理与信息系统','2018-01-01','在职','00000051',1,'2018-04-01',NULL,'2018-01-01','2019-01-01',NULL,0,NULL,NULL),(52,'陈静6','女','1989-02-01','421288198902011234','已婚',1,'汉族','海南',1,'中共党员','chenjing@qq.com','18795556693','海南省海口市美兰区',82,'华南市场部',12,'助教',30,'运营总监','劳动合同','高中','武汉大学','市场营销','2015-06-09','在职','00000052',3,'2015-09-10',NULL,'2015-06-09','2018-06-08',NULL,0,NULL,NULL),(53,'赵琳浩6','男','1993-03-04','610122199303041456','未婚',1,'汉族','陕西',3,'共青团员','zhao@qq.com','15698887795','陕西省西安市莲湖区',91,'技术部',12,'助教',33,'研发工程师','劳动合同','博士','哈尔滨理工大学','电子工程','2018-01-01','在职','00000053',3.5,'2018-04-01',NULL,'2018-01-01','2021-07-14',NULL,0,NULL,NULL),(54,'鹿存亮6','男','1990-01-03','610122199001031456','已婚',1,'汉族','陕西',3,'共青团员','zhao@qq.com','15612347795','陕西省西安市莲湖区',92,'运维部',12,'助教',34,'运维工程师','劳动合同','高中','哈尔滨理工大学','电子工程','2018-01-01','在职','00000054',3.5,'2018-04-01',NULL,'2018-01-01','2021-07-14',NULL,0,NULL,NULL),(55,'姚森6','男','1991-02-05','610122199102058952','已婚',1,'汉族','河南',3,'共青团员','yaosen@qq.com','14785559936','河南洛阳人民大道58号',92,'运维部',15,'中级工程师',34,'运维工程师','劳动合同','初中','西北大学','室内装修设计','2017-01-02','在职','00000055',7,'2017-04-02',NULL,'2017-01-02','2024-01-17',NULL,0,NULL,NULL),(56,'云星6','女','1993-01-05','610122199301054789','已婚',1,'汉族','陕西西安',1,'中共党员','yunxing@qq.com','15644442252','陕西西安新城区',92,'运维部',16,'高级工程师',34,'运维工程师','劳务合同','硕士','西安电子科技学校','通信工程','2018-01-01','在职','00000056',5.25,'2018-04-01',NULL,'2018-01-01','2023-04-13',NULL,0,NULL,NULL),(1351,'江南一点雨','男','1990-01-01','610122199001011256','已婚',1,'汉族','陕西',13,'普通公民','laowang@qq.com','18565558897','深圳市南山区',8,'财务部',9,'教授',29,'技术总监','劳动合同','本科','深圳大学','信息管理与信息系统','2018-01-01','在职','00000001',1,NULL,NULL,'2018-01-01','2019-01-01',NULL,0,NULL,NULL),(1352,'陈静','女','1989-02-01','421288198902011234','已婚',1,'汉族','海南',1,'中共党员','chenjing@qq.com','18795556693','海南省海口市美兰区',82,'华南市场部',12,'助教',30,'运营总监','劳动合同','高中','武汉大学','市场营销','2015-06-09','在职','00000002',3,NULL,NULL,'2015-06-09','2018-06-08',NULL,0,NULL,NULL),(1353,'赵琳浩','男','1993-03-04','610122199303041456','未婚',1,'汉族','陕西',3,'共青团员','zhao@qq.com','15698887795','陕西省西安市莲湖区',91,'技术部',12,'助教',33,'研发工程师','劳动合同','博士','哈尔滨理工大学','电子工程','2018-01-01','在职','00000003',3.5,NULL,NULL,'2018-01-01','2021-07-14',NULL,0,NULL,NULL),(1354,'鹿存亮','男','1990-01-03','610122199001031456','已婚',1,'汉族','陕西',3,'共青团员','zhao@qq.com','15612347795','陕西省西安市莲湖区',92,'运维部',12,'助教',34,'运维工程师','劳动合同','高中','哈尔滨理工大学','电子工程','2018-01-01','在职','00000004',3.5,NULL,NULL,'2018-01-01','2021-07-14',NULL,0,NULL,NULL),(1355,'姚森','男','1991-02-05','610122199102058952','已婚',1,'汉族','河南',3,'共青团员','yaosen@qq.com','14785559936','河南洛阳人民大道58号',92,'运维部',15,'中级工程师',34,'运维工程师','劳动合同','初中','西北大学','室内装修设计','2017-01-02','在职','00000005',7,NULL,NULL,'2017-01-02','2024-01-17',NULL,0,NULL,NULL),(1357,'贾旭明','男','1993-11-11','610122199311111234','已婚',1,'汉族','广东广州',4,'民革党员','jiaxuming@qq.com','15644441234','广东省广州市天河区冼村路',78,'市场部',15,'中级工程师',33,'研发工程师','劳务合同','初中','西北大学','通信工程','2018-01-01','在职','00000007',5.25,NULL,NULL,'2018-01-01','2023-04-13',NULL,0,NULL,NULL),(1358,'张黎明','男','1991-02-01','610144199102014569','已婚',1,'汉族','广东',6,'民建会员','zhangliming@qq.com','18979994478','广东珠海',91,'技术部',15,'中级工程师',33,'研发工程师','劳动合同','高中','清华大学','考古','2018-01-01','在职','00000008',7,NULL,NULL,'2018-01-01','2025-01-30',NULL,0,NULL,NULL),(1359,'薛磊','男','1992-07-01','610144199207017895','已婚',1,'汉族','陕西西安',13,'普通公民','xuelei@qq.com','15648887741','西安市雁塔区',92,'运维部',14,'初级工程师',34,'运维工程师','劳动合同','初中','华胥中学','无','2018-01-01','在职','00000009',6,NULL,NULL,'2018-01-01','2024-01-17',NULL,0,NULL,NULL),(1360,'张洁','女','1990-10-09','420177199010093652','未婚',1,'汉族','海南',5,'民盟盟员','zhangjie@qq.com','13695557742','海口市美兰区',92,'运维部',16,'高级工程师',34,'运维工程师','劳动合同','高中','海南侨中','无','2018-01-01','在职','00000010',1,NULL,NULL,'2018-01-01','2019-01-01',NULL,0,NULL,NULL),(1361,'江南一点雨2','男','1990-01-01','610122199001011256','已婚',1,'汉族','陕西',13,'普通公民','laowang@qq.com','18565558897','深圳市南山区',8,'财务部',9,'教授',29,'技术总监','劳动合同','本科','深圳大学','信息管理与信息系统','2018-01-01','在职','00000011',1,NULL,NULL,'2018-01-01','2019-01-01',NULL,0,NULL,NULL),(1362,'陈静2','女','1989-02-01','421288198902011234','已婚',1,'汉族','海南',1,'中共党员','chenjing@qq.com','18795556693','海南省海口市美兰区',82,'华南市场部',12,'助教',30,'运营总监','劳动合同','高中','武汉大学','市场营销','2015-06-09','在职','00000012',3,NULL,NULL,'2015-06-09','2018-06-08',NULL,0,NULL,NULL),(1363,'赵琳浩2','男','1993-03-04','610122199303041456','未婚',1,'汉族','陕西',3,'共青团员','zhao@qq.com','15698887795','陕西省西安市莲湖区',91,'技术部',12,'助教',33,'研发工程师','劳动合同','博士','哈尔滨理工大学','电子工程','2018-01-01','在职','00000013',3.5,NULL,NULL,'2018-01-01','2021-07-14',NULL,0,NULL,NULL),(1364,'鹿存亮2','男','1990-01-03','610122199001031456','已婚',1,'汉族','陕西',3,'共青团员','zhao@qq.com','15612347795','陕西省西安市莲湖区',92,'运维部',12,'助教',34,'运维工程师','劳动合同','高中','哈尔滨理工大学','电子工程','2018-01-01','在职','00000014',3.5,NULL,NULL,'2018-01-01','2021-07-14',NULL,0,NULL,NULL),(1365,'姚森2','男','1991-02-05','610122199102058952','已婚',1,'汉族','河南',3,'共青团员','yaosen@qq.com','14785559936','河南洛阳人民大道58号',92,'运维部',15,'中级工程师',34,'运维工程师','劳动合同','初中','西北大学','室内装修设计','2017-01-02','在职','00000015',7,NULL,NULL,'2017-01-02','2024-01-17',NULL,0,NULL,NULL),(1366,'云星2','女','1993-01-05','610122199301054789','已婚',1,'汉族','陕西西安',1,'中共党员','yunxing@qq.com','15644442252','陕西西安新城区',92,'运维部',16,'高级工程师',34,'运维工程师','劳务合同','硕士','西安电子科技学校','通信工程','2018-01-01','在职','00000016',5.25,NULL,NULL,'2018-01-01','2023-04-13',NULL,0,NULL,NULL),(1367,'贾旭明2','男','1993-11-11','610122199311111234','已婚',1,'汉族','广东广州',4,'民革党员','jiaxuming@qq.com','15644441234','广东省广州市天河区冼村路',78,'市场部',15,'中级工程师',33,'研发工程师','劳务合同','初中','西北大学','通信工程','2018-01-01','在职','00000017',5.25,NULL,NULL,'2018-01-01','2023-04-13',NULL,0,NULL,NULL),(1368,'王一亭','男','1991-02-01','610144199102014569','已婚',1,'汉族','广东',6,'民建会员','zhangliming@qq.com','18979994478','广东珠海',91,'技术部',15,'中级工程师',33,'研发工程师','劳动合同','高中','清华大学','考古','2018-01-01','在职','00000018',7,NULL,NULL,'2018-01-01','2025-01-30',NULL,0,NULL,NULL),(1369,'薛磊2','男','1992-07-01','610144199207017895','已婚',1,'汉族','陕西西安',13,'普通公民','xuelei@qq.com','15648887741','西安市雁塔区',92,'运维部',14,'初级工程师',34,'运维工程师','劳动合同','初中','华胥中学','无','2018-01-01','在职','00000019',1,NULL,NULL,'2018-01-01','2019-01-01',NULL,0,NULL,NULL),(1370,'张洁2','女','1990-10-09','420177199010093652','未婚',1,'汉族','海南',5,'民盟盟员','zhangjie@qq.com','13695557742','海口市美兰区',92,'运维部',16,'高级工程师',34,'运维工程师','劳动合同','高中','海南侨中','无','2018-01-01','在职','00000020',1,NULL,NULL,'2018-01-01','2019-01-01',NULL,0,NULL,NULL),(1371,'江南一点雨3','男','1990-01-01','610122199001011256','已婚',1,'汉族','陕西',13,'普通公民','laowang@qq.com','18565558897','深圳市南山区',8,'财务部',9,'教授',29,'技术总监','劳动合同','本科','深圳大学','信息管理与信息系统','2018-01-01','在职','00000021',1,NULL,NULL,'2018-01-01','2019-01-01',NULL,0,NULL,NULL),(1372,'陈静3','女','1989-02-01','421288198902011234','已婚',1,'汉族','海南',1,'中共党员','chenjing@qq.com','18795556693','海南省海口市美兰区',82,'华南市场部',12,'助教',30,'运营总监','劳动合同','高中','武汉大学','市场营销','2015-06-09','在职','00000022',3,NULL,NULL,'2015-06-09','2018-06-08',NULL,0,NULL,NULL),(1373,'鹿存亮3','男','1990-01-03','610122199001031456','已婚',1,'汉族','陕西',3,'共青团员','zhao@qq.com','15612347795','陕西省西安市莲湖区',92,'运维部',12,'助教',34,'运维工程师','劳动合同','高中','哈尔滨理工大学','电子工程','2018-01-01','在职','00000024',3.5,NULL,NULL,'2018-01-01','2021-07-14',NULL,0,NULL,NULL),(1374,'姚森3','男','1991-02-05','610122199102058952','已婚',1,'汉族','河南',3,'共青团员','yaosen@qq.com','14785559936','河南洛阳人民大道58号',92,'运维部',15,'中级工程师',34,'运维工程师','劳动合同','初中','西北大学','室内装修设计','2017-01-02','在职','00000025',7,NULL,NULL,'2017-01-02','2024-01-17',NULL,0,NULL,NULL),(1375,'云星3','女','1993-01-05','610122199301054789','已婚',1,'汉族','陕西西安',1,'中共党员','yunxing@qq.com','15644442252','陕西西安新城区',92,'运维部',16,'高级工程师',34,'运维工程师','劳务合同','硕士','西安电子科技学校','通信工程','2018-01-01','在职','00000026',5.25,NULL,NULL,'2018-01-01','2023-04-13',NULL,0,NULL,NULL),(1376,'贾旭明3','男','1993-11-11','610122199311111234','已婚',1,'汉族','广东广州',4,'民革党员','jiaxuming@qq.com','15644441234','广东省广州市天河区冼村路',78,'市场部',15,'中级工程师',33,'研发工程师','劳务合同','初中','西北大学','通信工程','2018-01-01','在职','00000027',5.25,NULL,NULL,'2018-01-01','2023-04-13',NULL,0,NULL,NULL),(1377,'张黎明3','男','1991-02-01','610144199102014569','已婚',1,'汉族','广东',6,'民建会员','zhangliming@qq.com','18979994478','广东珠海',91,'技术部',15,'中级工程师',33,'研发工程师','劳动合同','高中','清华大学','考古','2018-01-01','在职','00000028',7,NULL,NULL,'2018-01-01','2025-01-30',NULL,0,NULL,NULL),(1378,'薛磊3','男','1992-07-01','610144199207017895','已婚',1,'汉族','陕西西安',13,'普通公民','xuelei@qq.com','15648887741','西安市雁塔区',92,'运维部',14,'初级工程师',34,'运维工程师','劳动合同','初中','华胥中学','无','2018-01-01','在职','00000029',6,NULL,NULL,'2018-01-01','2024-01-17',NULL,0,NULL,NULL),(1379,'江南一点雨4','男','1990-01-01','610122199001011256','已婚',1,'汉族','陕西',13,'普通公民','laowang@qq.com','18565558897','深圳市南山区',8,'财务部',9,'教授',29,'技术总监','劳动合同','本科','深圳大学','信息管理与信息系统','2018-01-01','在职','00000031',1,NULL,NULL,'2018-01-01','2019-01-01',NULL,0,NULL,NULL),(1380,'陈静4','女','1989-02-01','421288198902011234','已婚',1,'汉族','海南',1,'中共党员','chenjing@qq.com','18795556693','海南省海口市美兰区',82,'华南市场部',12,'助教',30,'运营总监','劳动合同','高中','武汉大学','市场营销','2015-06-09','在职','00000032',3,NULL,NULL,'2015-06-09','2018-06-08',NULL,0,NULL,NULL),(1381,'赵琳浩4','男','1993-03-04','610122199303041456','未婚',1,'汉族','陕西',3,'共青团员','zhao@qq.com','15698887795','陕西省西安市莲湖区',91,'技术部',12,'助教',33,'研发工程师','劳动合同','博士','哈尔滨理工大学','电子工程','2018-01-01','在职','00000033',3.5,NULL,NULL,'2018-01-01','2021-07-14',NULL,0,NULL,NULL),(1382,'鹿存亮4','男','1990-01-03','610122199001031456','已婚',1,'汉族','陕西',3,'共青团员','zhao@qq.com','15612347795','陕西省西安市莲湖区',92,'运维部',12,'助教',34,'运维工程师','劳动合同','高中','哈尔滨理工大学','电子工程','2018-01-01','在职','00000034',3.5,NULL,NULL,'2018-01-01','2021-07-14',NULL,0,NULL,NULL),(1383,'姚森4','男','1991-02-05','610122199102058952','已婚',1,'汉族','河南',3,'共青团员','yaosen@qq.com','14785559936','河南洛阳人民大道58号',92,'运维部',15,'中级工程师',34,'运维工程师','劳动合同','初中','西北大学','室内装修设计','2017-01-02','在职','00000035',7,NULL,NULL,'2017-01-02','2024-01-17',NULL,0,NULL,NULL),(1384,'云星4','女','1993-01-05','610122199301054789','已婚',1,'汉族','陕西西安',1,'中共党员','yunxing@qq.com','15644442252','陕西西安新城区',92,'运维部',16,'高级工程师',34,'运维工程师','劳务合同','硕士','西安电子科技学校','通信工程','2018-01-01','在职','00000036',5.25,NULL,NULL,'2018-01-01','2023-04-13',NULL,0,NULL,NULL),(1385,'贾旭明4','男','1993-11-11','610122199311111234','已婚',1,'汉族','广东广州',4,'民革党员','jiaxuming@qq.com','15644441234','广东省广州市天河区冼村路',78,'市场部',15,'中级工程师',33,'研发工程师','劳务合同','初中','西北大学','通信工程','2018-01-01','在职','00000037',5.25,NULL,NULL,'2018-01-01','2023-04-13',NULL,0,NULL,NULL),(1411,'谢工','女','1970-01-01','618177197001011234','离异',1,'汉族','江苏',1,'中共党员','584991843@qq.com','18558887788','北京',91,'技术部',12,'助教',29,'技术总监','劳动合同','本科','南华大学','计算机软件','2018-01-01','在职','00000038',5,'2019-01-01',NULL,'2018-01-01','2023-01-01',NULL,0,NULL,NULL),(1412,'林昭亮','男','1990-01-01','610122199809091234','已婚',1,'汉族','广东',13,'普通公民','584991843@qq.com','16767776654','广东深圳',91,'技术部',15,'中级工程师',33,'研发工程师','劳动合同','大专','广东职业技术学院','计算机软件','2018-01-01','在职','00000039',5,'2018-04-01',NULL,'2018-01-01','2023-01-01',NULL,0,NULL,NULL),(1413,'11','男','2018-01-01','610122201801011234','已婚',1,'汉族','1',1,'中共党员','584991843@qq.com','111','1',89,'莲湖区市场',9,'教授',29,'技术总监','劳动合同','本科','1','1','2018-01-01','在职','00000040',4,'2018-04-01',NULL,'2018-01-01','2022-01-26',NULL,0,NULL,NULL),(1414,'1','男','2018-01-01','610188199809091234','已婚',1,'汉族','1',1,'中共党员','584991843@qq.com','1','1',89,'莲湖区市场',9,'教授',29,'技术总监','劳动合同','大专','1','1','2018-01-31','在职','00000041',1,'2018-01-31',NULL,'2018-01-31','2019-01-31',NULL,0,NULL,NULL),(1415,'1','男','2018-01-01','610122199909090000','已婚',1,'汉族','1',1,'中共党员','584991843@qq.com','1','1',78,'市场部',9,'教授',29,'技术总监','劳动合同','大专','1','1','2018-01-31','在职','00000042',1,'2018-01-31',NULL,'2018-01-31','2019-01-31',NULL,0,NULL,NULL),(1416,'1','男','2018-01-01','610122199909090000','已婚',1,'汉族','1',1,'中共党员','584991843@qq.com','1','1',81,'华北市场部',9,'教授',29,'技术总监','劳动合同','大专','1','1','2018-01-31','在职','00000043',0,'2018-01-31',NULL,'2018-01-31','2018-01-31',NULL,0,NULL,NULL),(1417,'1','男','2018-01-01','610122199909099999','已婚',1,'汉族','1',1,'中共党员','584991843@qq.com','1','1',87,'西安市场',9,'教授',29,'技术总监','劳动合同','大专','1','1','2018-01-01','在职','00000044',0,'2018-01-01',NULL,'2018-01-01','2018-01-31',NULL,0,NULL,NULL),(1418,'1','男','2018-01-01','610122199909099999','已婚',1,'汉族','1',1,'中共党员','584991843@qq.com','1','1',78,'市场部',9,'教授',29,'技术总监','劳动合同','大专','1','1','2018-01-01','在职','00000045',0,'2018-01-01',NULL,'2018-01-01','2018-01-31',NULL,0,NULL,NULL),(1419,'林伯渠','男','2018-01-01','610122199909099999','未婚',1,'汉族','1',1,'中共党员','584991843@qq.com','1','1',8,'财务部',9,'教授',29,'技术总监','劳动合同','大专','1','1','2018-01-31','在职','00000046',0,'2018-01-31',NULL,'2018-01-31','2018-01-31',NULL,0,NULL,NULL),(1420,'1','男','2018-01-01','610122199909091234','已婚',1,'汉族','1',1,'中共党员','584991843@qq.com','1','1',8,'财务部',9,'教授',29,'技术总监','劳动合同','大专','1','1','2018-01-31','在职','00000047',0,'2018-01-31',NULL,'2018-01-31','2018-01-31',NULL,0,NULL,NULL),(1421,'江南一点雨','男','1990-01-01','610122199001011256','已婚',1,'汉族','陕西',13,'普通公民','laowang@qq.com','18565558897','深圳市南山区',5,'总经理办公室',9,'教授',29,'技术总监','劳务合同','本科','深圳大学','信息管理与信息系统','2018-01-01','在职','00000001',2,NULL,NULL,'2018-01-01','2020-01-01',NULL,0,NULL,NULL),(1422,'陈静','女','1989-02-01','421288198902011234','已婚',1,'汉族','海南',1,'中共党员','chenjing@qq.com','18795556693','海南省海口市美兰区',8,'财务部',12,'助教',30,'运营总监','劳动合同','高中','武汉大学','市场营销','2015-06-09','在职','00000002',3,NULL,NULL,'2015-06-09','2018-06-08',NULL,0,NULL,NULL),(1423,'赵琳浩','男','1993-03-04','610122199303041456','未婚',1,'汉族','陕西',3,'共青团员','zhao@qq.com','15698887795','陕西省西安市莲湖区',91,'技术部',12,'助教',33,'研发工程师','劳动合同','博士','哈尔滨理工大学','电子工程','2018-01-01','在职','00000003',3.5,NULL,NULL,'2018-01-01','2021-07-14',NULL,0,NULL,NULL),(1424,'鹿存亮','男','1990-01-03','610122199001031456','已婚',1,'汉族','陕西',3,'共青团员','zhao@qq.com','15612347795','陕西省西安市莲湖区',92,'运维部',12,'助教',34,'运维工程师','劳动合同','高中','哈尔滨理工大学','电子工程','2018-01-01','在职','00000004',3.5,NULL,NULL,'2018-01-01','2021-07-14',NULL,0,NULL,NULL),(1425,'姚森','男','1991-02-05','610122199102058952','已婚',1,'汉族','河南',3,'共青团员','yaosen@qq.com','14785559936','河南洛阳人民大道58号',92,'运维部',15,'中级工程师',34,'运维工程师','劳动合同','硕士','西北大学','室内装修设计','2017-01-02','在职','00000005',7,NULL,NULL,'2017-01-02','2024-01-17',NULL,0,NULL,NULL),(1426,'云星','女','1993-01-05','610122199301054789','已婚',1,'汉族','陕西西安',1,'中共党员','yunxing@qq.com','15644442252','陕西西安新城区',92,'运维部',16,'高级工程师',34,'运维工程师','劳务合同','硕士','西安电子科技学校','通信工程','2018-01-01','在职','00000006',5.25,NULL,NULL,'2018-01-01','2023-04-13',NULL,0,NULL,NULL),(1427,'贾旭明','男','1993-11-11','610122199311111234','已婚',1,'汉族','广东广州',4,'民革党员','jiaxuming@qq.com','15644441234','广东省广州市天河区冼村路',78,'市场部',15,'中级工程师',33,'研发工程师','劳务合同','初中','西北大学','通信工程','2018-01-01','在职','00000007',5.25,NULL,NULL,'2018-01-01','2023-04-13',NULL,0,NULL,NULL),(1428,'张黎明','男','1991-02-01','610144199102014569','已婚',1,'汉族','广东',6,'民建会员','zhangliming@qq.com','18979994478','广东珠海',91,'技术部',15,'中级工程师',33,'研发工程师','劳动合同','高中','清华大学','考古','2018-01-01','在职','00000008',7,NULL,NULL,'2018-01-01','2025-01-30',NULL,0,NULL,NULL),(1429,'薛磊','男','1992-07-01','610144199207017895','已婚',1,'汉族','陕西西安',13,'普通公民','xuelei@qq.com','15648887741','西安市雁塔区',92,'运维部',14,'初级工程师',34,'运维工程师','劳动合同','初中','华胥中学','无','2018-01-01','在职','00000009',6,NULL,NULL,'2018-01-01','2024-01-17',NULL,0,NULL,NULL),(1430,'张洁','女','1990-10-09','420177199010093652','未婚',1,'汉族','海南',5,'民盟盟员','zhangjie@qq.com','13695557742','海口市美兰区',92,'运维部',16,'高级工程师',34,'运维工程师','劳动合同','高中','海南侨中','无','2018-01-01','在职','00000010',1,NULL,NULL,'2018-01-01','2019-01-01',NULL,0,NULL,NULL),(1431,'江南一点雨2','男','1990-01-01','610122199001011256','已婚',1,'汉族','陕西',13,'普通公民','laowang@qq.com','18565558897','深圳市南山区',91,'技术部',9,'教授',29,'技术总监','劳动合同','本科','深圳大学','信息管理与信息系统','2018-01-01','在职','00000011',1,NULL,NULL,'2018-01-01','2019-01-01',NULL,0,NULL,NULL),(1432,'陈静2','女','1989-02-01','421288198902011234','已婚',1,'汉族','海南',1,'中共党员','chenjing@qq.com','18795556693','海南省海口市美兰区',82,'华南市场部',12,'助教',30,'运营总监','劳动合同','高中','武汉大学','市场营销','2015-06-09','在职','00000012',3,NULL,NULL,'2015-06-09','2018-06-08',NULL,0,NULL,NULL),(1433,'赵琳浩2','男','1993-03-04','610122199303041456','未婚',1,'汉族','陕西',3,'共青团员','zhao@qq.com','15698887795','陕西省西安市莲湖区',91,'技术部',12,'助教',33,'研发工程师','劳动合同','博士','哈尔滨理工大学','电子工程','2018-01-01','在职','00000013',3.5,NULL,NULL,'2018-01-01','2021-07-14',NULL,0,NULL,NULL),(1434,'鹿存亮2','男','1990-01-03','610122199001031456','已婚',1,'汉族','陕西',3,'共青团员','zhao@qq.com','15612347795','陕西省西安市莲湖区',92,'运维部',12,'助教',34,'运维工程师','劳动合同','高中','哈尔滨理工大学','电子工程','2018-01-01','在职','00000014',3.5,NULL,NULL,'2018-01-01','2021-07-14',NULL,0,NULL,NULL),(1435,'姚森2','男','1991-02-05','610122199102058952','已婚',1,'汉族','河南',3,'共青团员','yaosen@qq.com','14785559936','河南洛阳人民大道58号',92,'运维部',15,'中级工程师',34,'运维工程师','劳动合同','初中','西北大学','室内装修设计','2017-01-02','在职','00000015',7,NULL,NULL,'2017-01-02','2024-01-17',NULL,0,NULL,NULL),(1436,'云星2','女','1993-01-05','610122199301054789','已婚',1,'汉族','陕西西安',1,'中共党员','yunxing@qq.com','15644442252','陕西西安新城区',92,'运维部',16,'高级工程师',34,'运维工程师','劳务合同','硕士','西安电子科技学校','通信工程','2018-01-01','在职','00000016',5.25,NULL,NULL,'2018-01-01','2023-04-13',NULL,0,NULL,NULL),(1437,'贾旭明2','男','1993-11-11','610122199311111234','已婚',1,'汉族','广东广州',4,'民革党员','jiaxuming@qq.com','15644441234','广东省广州市天河区冼村路',78,'市场部',15,'中级工程师',33,'研发工程师','劳务合同','初中','西北大学','通信工程','2018-01-01','在职','00000017',5.25,NULL,NULL,'2018-01-01','2023-04-13',NULL,0,NULL,NULL),(1438,'王一亭','男','1991-02-01','610144199102014569','已婚',1,'汉族','广东',6,'民建会员','zhangliming@qq.com','18979994478','广东珠海',91,'技术部',15,'中级工程师',33,'研发工程师','劳动合同','高中','清华大学','考古','2018-01-01','在职','00000018',7,NULL,NULL,'2018-01-01','2025-01-30',NULL,0,NULL,NULL),(1439,'薛磊2','男','1992-07-01','610144199207017895','已婚',1,'汉族','陕西西安',13,'普通公民','xuelei@qq.com','15648887741','西安市雁塔区',92,'运维部',14,'初级工程师',34,'运维工程师','劳动合同','初中','华胥中学','无','2018-01-01','在职','00000019',1,NULL,NULL,'2018-01-01','2019-01-01',NULL,0,NULL,NULL),(1440,'张洁2','女','1990-10-09','420177199010093652','未婚',1,'汉族','海南',5,'民盟盟员','zhangjie@qq.com','13695557742','海口市美兰区',92,'运维部',16,'高级工程师',34,'运维工程师','劳动合同','高中','海南侨中','无','2018-01-01','在职','00000020',1,NULL,NULL,'2018-01-01','2019-01-01',NULL,0,NULL,NULL),(1441,'江南一点雨3','男','1990-01-01','610122199001011256','已婚',1,'汉族','陕西',13,'普通公民','laowang@qq.com','18565558897','深圳市南山区',8,'财务部',9,'教授',29,'技术总监','劳动合同','本科','深圳大学','信息管理与信息系统','2018-01-01','在职','00000021',1,NULL,NULL,'2018-01-01','2019-01-01',NULL,0,NULL,NULL),(1442,'陈静3','女','1989-02-01','421288198902011234','已婚',1,'汉族','海南',1,'中共党员','chenjing@qq.com','18795556693','海南省海口市美兰区',82,'华南市场部',12,'助教',30,'运营总监','劳动合同','高中','武汉大学','市场营销','2015-06-09','在职','00000022',3,NULL,NULL,'2015-06-09','2018-06-08',NULL,0,NULL,NULL),(1443,'鹿存亮3','男','1990-01-03','610122199001031456','已婚',1,'汉族','陕西',3,'共青团员','zhao@qq.com','15612347795','陕西省西安市莲湖区',92,'运维部',12,'助教',34,'运维工程师','劳动合同','高中','哈尔滨理工大学','电子工程','2018-01-01','在职','00000024',3.5,NULL,NULL,'2018-01-01','2021-07-14',NULL,0,NULL,NULL),(1444,'姚森3','男','1991-02-05','610122199102058952','已婚',1,'汉族','河南',3,'共青团员','yaosen@qq.com','14785559936','河南洛阳人民大道58号',92,'运维部',15,'中级工程师',34,'运维工程师','劳动合同','初中','西北大学','室内装修设计','2017-01-02','在职','00000025',7,NULL,NULL,'2017-01-02','2024-01-17',NULL,0,NULL,NULL),(1445,'云星3','女','1993-01-05','610122199301054789','已婚',1,'汉族','陕西西安',1,'中共党员','yunxing@qq.com','15644442252','陕西西安新城区',92,'运维部',16,'高级工程师',34,'运维工程师','劳务合同','硕士','西安电子科技学校','通信工程','2018-01-01','在职','00000026',5.25,NULL,NULL,'2018-01-01','2023-04-13',NULL,0,NULL,NULL),(1446,'贾旭明3','男','1993-11-11','610122199311111234','已婚',1,'汉族','广东广州',4,'民革党员','jiaxuming@qq.com','15644441234','广东省广州市天河区冼村路',78,'市场部',15,'中级工程师',33,'研发工程师','劳务合同','初中','西北大学','通信工程','2018-01-01','在职','00000027',5.25,NULL,NULL,'2018-01-01','2023-04-13',NULL,0,NULL,NULL),(1447,'张黎明3','男','1991-02-01','610144199102014569','已婚',1,'汉族','广东',6,'民建会员','zhangliming@qq.com','18979994478','广东珠海',91,'技术部',15,'中级工程师',33,'研发工程师','劳动合同','高中','清华大学','考古','2018-01-01','在职','00000028',7,NULL,NULL,'2018-01-01','2025-01-30',NULL,0,NULL,NULL),(1448,'薛磊3','男','1992-07-01','610144199207017895','已婚',1,'汉族','陕西西安',13,'普通公民','xuelei@qq.com','15648887741','西安市雁塔区',92,'运维部',14,'初级工程师',34,'运维工程师','劳动合同','初中','华胥中学','无','2018-01-01','在职','00000029',6,NULL,NULL,'2018-01-01','2024-01-17',NULL,0,NULL,NULL),(1449,'江南一点雨4','男','1990-01-01','610122199001011256','已婚',1,'汉族','陕西',13,'普通公民','laowang@qq.com','18565558897','深圳市南山区',8,'财务部',9,'教授',29,'技术总监','劳动合同','本科','深圳大学','信息管理与信息系统','2018-01-01','在职','00000031',1,NULL,NULL,'2018-01-01','2019-01-01',NULL,0,NULL,NULL),(1450,'陈静4','女','1989-02-01','421288198902011234','已婚',1,'汉族','海南',1,'中共党员','chenjing@qq.com','18795556693','海南省海口市美兰区',82,'华南市场部',12,'助教',30,'运营总监','劳动合同','高中','武汉大学','市场营销','2015-06-09','在职','00000032',3,NULL,NULL,'2015-06-09','2018-06-08',NULL,0,NULL,NULL),(1451,'赵琳浩4','男','1993-03-04','610122199303041456','未婚',1,'汉族','陕西',3,'共青团员','zhao@qq.com','15698887795','陕西省西安市莲湖区',91,'技术部',12,'助教',33,'研发工程师','劳动合同','博士','哈尔滨理工大学','电子工程','2018-01-01','在职','00000033',3.5,NULL,NULL,'2018-01-01','2021-07-14',NULL,0,NULL,NULL),(1452,'鹿存亮4','男','1990-01-03','610122199001031456','已婚',1,'汉族','陕西',3,'共青团员','zhao@qq.com','15612347795','陕西省西安市莲湖区',92,'运维部',12,'助教',34,'运维工程师','劳动合同','高中','哈尔滨理工大学','电子工程','2018-01-01','在职','00000034',3.5,NULL,NULL,'2018-01-01','2021-07-14',NULL,0,NULL,NULL),(1453,'姚森4','男','1991-02-05','610122199102058952','已婚',1,'汉族','河南',3,'共青团员','yaosen@qq.com','14785559936','河南洛阳人民大道58号',92,'运维部',15,'中级工程师',34,'运维工程师','劳动合同','初中','西北大学','室内装修设计','2017-01-02','在职','00000035',7,NULL,NULL,'2017-01-02','2024-01-17',NULL,0,NULL,NULL),(1454,'云星4','女','1993-01-05','610122199301054789','已婚',1,'汉族','陕西西安',1,'中共党员','yunxing@qq.com','15644442252','陕西西安新城区',92,'运维部',16,'高级工程师',34,'运维工程师','劳务合同','硕士','西安电子科技学校','通信工程','2018-01-01','在职','00000036',5.25,NULL,NULL,'2018-01-01','2023-04-13',NULL,0,NULL,NULL),(1455,'贾旭明4','男','1993-11-11','610122199311111234','已婚',1,'汉族','广东广州',4,'民革党员','jiaxuming@qq.com','15644441234','广东省广州市天河区冼村路',78,'市场部',15,'中级工程师',33,'研发工程师','劳务合同','初中','西北大学','通信工程','2018-01-01','在职','00000037',5.25,NULL,NULL,'2018-01-01','2023-04-13',NULL,0,NULL,NULL),(1456,'张黎明2','男','1991-02-01','610144199102014569','已婚',1,'汉族','广东',6,'民建会员','zhangliming@qq.com','18979994478','广东珠海',91,'技术部',15,'中级工程师',33,'研发工程师','劳动合同','高中','清华大学','考古','2018-01-01','在职','00000038',7,NULL,NULL,'2018-01-01','2025-01-30',NULL,0,NULL,NULL),(1457,'薛磊4','男','1992-07-01','610144199207017895','已婚',1,'汉族','陕西西安',13,'普通公民','xuelei@qq.com','15648887741','西安市雁塔区',92,'运维部',14,'初级工程师',34,'运维工程师','劳动合同','初中','华胥中学','无','2018-01-01','在职','00000039',6,NULL,NULL,'2018-01-01','2024-01-17',NULL,0,NULL,NULL),(1458,'张洁4','女','1990-10-09','420177199010093652','未婚',1,'汉族','海南',5,'民盟盟员','zhangjie@qq.com','13695557742','海口市美兰区',92,'运维部',16,'高级工程师',34,'运维工程师','劳动合同','高中','海南侨中','无','2018-01-01','在职','00000040',1,NULL,NULL,'2018-01-01','2019-01-01',NULL,0,NULL,NULL),(1459,'江南一点雨5','男','1990-01-01','610122199001011256','已婚',1,'汉族','陕西',13,'普通公民','laowang@qq.com','18565558897','深圳市南山区',8,'财务部',9,'教授',29,'技术总监','劳动合同','本科','深圳大学','信息管理与信息系统','2018-01-01','在职','00000041',1,NULL,NULL,'2018-01-01','2019-01-01',NULL,0,NULL,NULL),(1460,'陈静5','女','1989-02-01','421288198902011234','已婚',1,'汉族','海南',1,'中共党员','chenjing@qq.com','18795556693','海南省海口市美兰区',82,'华南市场部',12,'助教',30,'运营总监','劳动合同','高中','武汉大学','市场营销','2015-06-09','在职','00000042',3,NULL,NULL,'2015-06-09','2018-06-08',NULL,0,NULL,NULL),(1461,'赵琳浩5','男','1993-03-04','610122199303041456','未婚',1,'汉族','陕西',3,'共青团员','zhao@qq.com','15698887795','陕西省西安市莲湖区',91,'技术部',12,'助教',33,'研发工程师','劳动合同','博士','哈尔滨理工大学','电子工程','2018-01-01','在职','00000043',3.5,NULL,NULL,'2018-01-01','2021-07-14',NULL,0,NULL,NULL),(1462,'鹿存亮5','男','1990-01-03','610122199001031456','已婚',1,'汉族','陕西',3,'共青团员','zhao@qq.com','15612347795','陕西省西安市莲湖区',92,'运维部',12,'助教',34,'运维工程师','劳动合同','高中','哈尔滨理工大学','电子工程','2018-01-01','在职','00000044',3.5,NULL,NULL,'2018-01-01','2021-07-14',NULL,0,NULL,NULL),(1463,'姚森5','男','1991-02-05','610122199102058952','已婚',1,'汉族','河南',3,'共青团员','yaosen@qq.com','14785559936','河南洛阳人民大道58号',92,'运维部',15,'中级工程师',34,'运维工程师','劳动合同','初中','西北大学','室内装修设计','2017-01-02','在职','00000045',7,NULL,NULL,'2017-01-02','2024-01-17',NULL,0,NULL,NULL),(1464,'云星5','女','1993-01-05','610122199301054789','已婚',1,'汉族','陕西西安',1,'中共党员','yunxing@qq.com','15644442252','陕西西安新城区',92,'运维部',16,'高级工程师',34,'运维工程师','劳务合同','硕士','西安电子科技学校','通信工程','2018-01-01','在职','00000046',5.25,NULL,NULL,'2018-01-01','2023-04-13',NULL,0,NULL,NULL),(1465,'贾旭明5','男','1993-11-11','610122199311111234','已婚',1,'汉族','广东广州',4,'民革党员','jiaxuming@qq.com','15644441234','广东省广州市天河区冼村路',78,'市场部',15,'中级工程师',33,'研发工程师','劳务合同','初中','西北大学','通信工程','2018-01-01','在职','00000047',5.25,NULL,NULL,'2018-01-01','2023-04-13',NULL,0,NULL,NULL),(1466,'张黎明5','男','1991-02-01','610144199102014569','已婚',1,'汉族','广东',6,'民建会员','zhangliming@qq.com','18979994478','广东珠海',91,'技术部',15,'中级工程师',33,'研发工程师','劳动合同','高中','清华大学','考古','2018-01-01','在职','00000048',7,NULL,NULL,'2018-01-01','2025-01-30',NULL,0,NULL,NULL),(1467,'薛磊5','男','1992-07-01','610144199207017895','已婚',1,'汉族','陕西西安',13,'普通公民','xuelei@qq.com','15648887741','西安市雁塔区',92,'运维部',14,'初级工程师',34,'运维工程师','劳动合同','初中','华胥中学','无','2018-01-01','在职','00000049',6,NULL,NULL,'2018-01-01','2024-01-17',NULL,0,NULL,NULL),(1468,'张洁5','女','1990-10-09','420177199010093652','未婚',1,'汉族','海南',5,'民盟盟员','zhangjie@qq.com','13695557742','海口市美兰区',92,'运维部',16,'高级工程师',34,'运维工程师','劳动合同','高中','海南侨中','无','2018-01-01','在职','00000050',1,NULL,NULL,'2018-01-01','2019-01-01',NULL,0,NULL,NULL),(1469,'江南一点雨6','男','1990-01-01','610122199001011256','已婚',1,'汉族','陕西',13,'普通公民','laowang@qq.com','18565558897','深圳市南山区',8,'财务部',9,'教授',29,'技术总监','劳动合同','本科','深圳大学','信息管理与信息系统','2018-01-01','在职','00000051',1,NULL,NULL,'2018-01-01','2019-01-01',NULL,0,NULL,NULL),(1470,'陈静6','女','1989-02-01','421288198902011234','已婚',1,'汉族','海南',1,'中共党员','chenjing@qq.com','18795556693','海南省海口市美兰区',82,'华南市场部',12,'助教',30,'运营总监','劳动合同','高中','武汉大学','市场营销','2015-06-09','在职','00000052',3,NULL,NULL,'2015-06-09','2018-06-08',NULL,0,NULL,NULL),(1471,'赵琳浩6','男','1993-03-04','610122199303041456','未婚',1,'汉族','陕西',3,'共青团员','zhao@qq.com','15698887795','陕西省西安市莲湖区',91,'技术部',12,'助教',33,'研发工程师','劳动合同','博士','哈尔滨理工大学','电子工程','2018-01-01','在职','00000053',3.5,NULL,NULL,'2018-01-01','2021-07-14',NULL,0,NULL,NULL),(1472,'鹿存亮6','男','1990-01-03','610122199001031456','已婚',1,'汉族','陕西',3,'共青团员','zhao@qq.com','15612347795','陕西省西安市莲湖区',92,'运维部',12,'助教',34,'运维工程师','劳动合同','高中','哈尔滨理工大学','电子工程','2018-01-01','在职','00000054',3.5,NULL,NULL,'2018-01-01','2021-07-14',NULL,0,NULL,NULL),(1473,'姚森6','男','1991-02-05','610122199102058952','已婚',1,'汉族','河南',3,'共青团员','yaosen@qq.com','14785559936','河南洛阳人民大道58号',92,'运维部',15,'中级工程师',34,'运维工程师','劳动合同','初中','西北大学','室内装修设计','2017-01-02','在职','00000055',7,NULL,NULL,'2017-01-02','2024-01-17',NULL,0,NULL,NULL),(1474,'云星6','女','1993-01-05','610122199301054789','已婚',1,'汉族','陕西西安',1,'中共党员','yunxing@qq.com','15644442252','陕西西安新城区',92,'运维部',16,'高级工程师',34,'运维工程师','劳务合同','硕士','西安电子科技学校','通信工程','2018-01-01','在职','00000056',5.25,NULL,NULL,'2018-01-01','2023-04-13',NULL,0,NULL,NULL),(1475,'江南一点雨','男','1990-01-01','610122199001011256','已婚',1,'汉族','陕西',13,'普通公民','laowang@qq.com','18565558897','深圳市南山区',8,'财务部',9,'教授',29,'技术总监','劳动合同','本科','深圳大学','信息管理与信息系统','2018-01-01','在职','00000001',1,NULL,NULL,'2018-01-01','2019-01-01',NULL,0,NULL,NULL),(1476,'陈静','女','1989-02-01','421288198902011234','已婚',1,'汉族','海南',1,'中共党员','chenjing@qq.com','18795556693','海南省海口市美兰区',82,'华南市场部',12,'助教',30,'运营总监','劳动合同','高中','武汉大学','市场营销','2015-06-09','在职','00000002',3,NULL,NULL,'2015-06-09','2018-06-08',NULL,0,NULL,NULL),(1477,'赵琳浩','男','1993-03-04','610122199303041456','未婚',1,'汉族','陕西',3,'共青团员','zhao@qq.com','15698887795','陕西省西安市莲湖区',91,'技术部',12,'助教',33,'研发工程师','劳动合同','博士','哈尔滨理工大学','电子工程','2018-01-01','在职','00000003',3.5,NULL,NULL,'2018-01-01','2021-07-14',NULL,0,NULL,NULL),(1478,'鹿存亮','男','1990-01-03','610122199001031456','已婚',1,'汉族','陕西',3,'共青团员','zhao@qq.com','15612347795','陕西省西安市莲湖区',92,'运维部',12,'助教',34,'运维工程师','劳动合同','高中','哈尔滨理工大学','电子工程','2018-01-01','在职','00000004',3.5,NULL,NULL,'2018-01-01','2021-07-14',NULL,0,NULL,NULL),(1479,'姚森','男','1991-02-05','610122199102058952','已婚',1,'汉族','河南',3,'共青团员','yaosen@qq.com','14785559936','河南洛阳人民大道58号',92,'运维部',15,'中级工程师',34,'运维工程师','劳动合同','初中','西北大学','室内装修设计','2017-01-02','在职','00000005',7,NULL,NULL,'2017-01-02','2024-01-17',NULL,0,NULL,NULL),(1480,'贾旭明','男','1993-11-11','610122199311111234','已婚',1,'汉族','广东广州',4,'民革党员','jiaxuming@qq.com','15644441234','广东省广州市天河区冼村路',78,'市场部',15,'中级工程师',33,'研发工程师','劳务合同','初中','西北大学','通信工程','2018-01-01','在职','00000007',5.25,NULL,NULL,'2018-01-01','2023-04-13',NULL,0,NULL,NULL),(1481,'张黎明','男','1991-02-01','610144199102014569','已婚',1,'汉族','广东',6,'民建会员','zhangliming@qq.com','18979994478','广东珠海',91,'技术部',15,'中级工程师',33,'研发工程师','劳动合同','高中','清华大学','考古','2018-01-01','在职','00000008',7,NULL,NULL,'2018-01-01','2025-01-30',NULL,0,NULL,NULL),(1482,'薛磊','男','1992-07-01','610144199207017895','已婚',1,'汉族','陕西西安',13,'普通公民','xuelei@qq.com','15648887741','西安市雁塔区',92,'运维部',14,'初级工程师',34,'运维工程师','劳动合同','初中','华胥中学','无','2018-01-01','在职','00000009',6,NULL,NULL,'2018-01-01','2024-01-17',NULL,0,NULL,NULL),(1483,'张洁','女','1990-10-09','420177199010093652','未婚',1,'汉族','海南',5,'民盟盟员','zhangjie@qq.com','13695557742','海口市美兰区',92,'运维部',16,'高级工程师',34,'运维工程师','劳动合同','高中','海南侨中','无','2018-01-01','在职','00000010',1,NULL,NULL,'2018-01-01','2019-01-01',NULL,0,NULL,NULL),(1484,'江南一点雨2','男','1990-01-01','610122199001011256','已婚',1,'汉族','陕西',13,'普通公民','laowang@qq.com','18565558897','深圳市南山区',8,'财务部',9,'教授',29,'技术总监','劳动合同','本科','深圳大学','信息管理与信息系统','2018-01-01','在职','00000011',1,NULL,NULL,'2018-01-01','2019-01-01',NULL,0,NULL,NULL),(1485,'陈静2','女','1989-02-01','421288198902011234','已婚',1,'汉族','海南',1,'中共党员','chenjing@qq.com','18795556693','海南省海口市美兰区',82,'华南市场部',12,'助教',30,'运营总监','劳动合同','高中','武汉大学','市场营销','2015-06-09','在职','00000012',3,NULL,NULL,'2015-06-09','2018-06-08',NULL,0,NULL,NULL),(1486,'赵琳浩2','男','1993-03-04','610122199303041456','未婚',1,'汉族','陕西',3,'共青团员','zhao@qq.com','15698887795','陕西省西安市莲湖区',91,'技术部',12,'助教',33,'研发工程师','劳动合同','博士','哈尔滨理工大学','电子工程','2018-01-01','在职','00000013',3.5,NULL,NULL,'2018-01-01','2021-07-14',NULL,0,NULL,NULL),(1487,'鹿存亮2','男','1990-01-03','610122199001031456','已婚',1,'汉族','陕西',3,'共青团员','zhao@qq.com','15612347795','陕西省西安市莲湖区',92,'运维部',12,'助教',34,'运维工程师','劳动合同','高中','哈尔滨理工大学','电子工程','2018-01-01','在职','00000014',3.5,NULL,NULL,'2018-01-01','2021-07-14',NULL,0,NULL,NULL),(1488,'姚森2','男','1991-02-05','610122199102058952','已婚',1,'汉族','河南',3,'共青团员','yaosen@qq.com','14785559936','河南洛阳人民大道58号',92,'运维部',15,'中级工程师',34,'运维工程师','劳动合同','初中','西北大学','室内装修设计','2017-01-02','在职','00000015',7,NULL,NULL,'2017-01-02','2024-01-17',NULL,0,NULL,NULL),(1489,'云星2','女','1993-01-05','610122199301054789','已婚',1,'汉族','陕西西安',1,'中共党员','yunxing@qq.com','15644442252','陕西西安新城区',92,'运维部',16,'高级工程师',34,'运维工程师','劳务合同','硕士','西安电子科技学校','通信工程','2018-01-01','在职','00000016',5.25,NULL,NULL,'2018-01-01','2023-04-13',NULL,0,NULL,NULL),(1490,'贾旭明2','男','1993-11-11','610122199311111234','已婚',1,'汉族','广东广州',4,'民革党员','jiaxuming@qq.com','15644441234','广东省广州市天河区冼村路',78,'市场部',15,'中级工程师',33,'研发工程师','劳务合同','初中','西北大学','通信工程','2018-01-01','在职','00000017',5.25,NULL,NULL,'2018-01-01','2023-04-13',NULL,0,NULL,NULL),(1491,'王一亭','男','1991-02-01','610144199102014569','已婚',1,'汉族','广东',6,'民建会员','zhangliming@qq.com','18979994478','广东珠海',91,'技术部',15,'中级工程师',33,'研发工程师','劳动合同','高中','清华大学','考古','2018-01-01','在职','00000018',7,NULL,NULL,'2018-01-01','2025-01-30',NULL,0,NULL,NULL),(1492,'薛磊2','男','1992-07-01','610144199207017895','已婚',1,'汉族','陕西西安',13,'普通公民','xuelei@qq.com','15648887741','西安市雁塔区',92,'运维部',14,'初级工程师',34,'运维工程师','劳动合同','初中','华胥中学','无','2018-01-01','在职','00000019',1,NULL,NULL,'2018-01-01','2019-01-01',NULL,0,NULL,NULL),(1493,'张洁2','女','1990-10-09','420177199010093652','未婚',1,'汉族','海南',5,'民盟盟员','zhangjie@qq.com','13695557742','海口市美兰区',92,'运维部',16,'高级工程师',34,'运维工程师','劳动合同','高中','海南侨中','无','2018-01-01','在职','00000020',1,NULL,NULL,'2018-01-01','2019-01-01',NULL,0,NULL,NULL),(1494,'江南一点雨3','男','1990-01-01','610122199001011256','已婚',1,'汉族','陕西',13,'普通公民','laowang@qq.com','18565558897','深圳市南山区',8,'财务部',9,'教授',29,'技术总监','劳动合同','本科','深圳大学','信息管理与信息系统','2018-01-01','在职','00000021',1,NULL,NULL,'2018-01-01','2019-01-01',NULL,0,NULL,NULL),(1495,'陈静3','女','1989-02-01','421288198902011234','已婚',1,'汉族','海南',1,'中共党员','chenjing@qq.com','18795556693','海南省海口市美兰区',82,'华南市场部',12,'助教',30,'运营总监','劳动合同','高中','武汉大学','市场营销','2015-06-09','在职','00000022',3,NULL,NULL,'2015-06-09','2018-06-08',NULL,0,NULL,NULL),(1496,'鹿存亮3','男','1990-01-03','610122199001031456','已婚',1,'汉族','陕西',3,'共青团员','zhao@qq.com','15612347795','陕西省西安市莲湖区',92,'运维部',12,'助教',34,'运维工程师','劳动合同','高中','哈尔滨理工大学','电子工程','2018-01-01','在职','00000024',3.5,NULL,NULL,'2018-01-01','2021-07-14',NULL,0,NULL,NULL),(1497,'姚森3','男','1991-02-05','610122199102058952','已婚',1,'汉族','河南',3,'共青团员','yaosen@qq.com','14785559936','河南洛阳人民大道58号',92,'运维部',15,'中级工程师',34,'运维工程师','劳动合同','初中','西北大学','室内装修设计','2017-01-02','在职','00000025',7,NULL,NULL,'2017-01-02','2024-01-17',NULL,0,NULL,NULL),(1498,'云星3','女','1993-01-05','610122199301054789','已婚',1,'汉族','陕西西安',1,'中共党员','yunxing@qq.com','15644442252','陕西西安新城区',92,'运维部',16,'高级工程师',34,'运维工程师','劳务合同','硕士','西安电子科技学校','通信工程','2018-01-01','在职','00000026',5.25,NULL,NULL,'2018-01-01','2023-04-13',NULL,0,NULL,NULL),(1499,'贾旭明3','男','1993-11-11','610122199311111234','已婚',1,'汉族','广东广州',4,'民革党员','jiaxuming@qq.com','15644441234','广东省广州市天河区冼村路',78,'市场部',15,'中级工程师',33,'研发工程师','劳务合同','初中','西北大学','通信工程','2018-01-01','在职','00000027',5.25,NULL,NULL,'2018-01-01','2023-04-13',NULL,0,NULL,NULL),(1500,'张黎明3','男','1991-02-01','610144199102014569','已婚',1,'汉族','广东',6,'民建会员','zhangliming@qq.com','18979994478','广东珠海',91,'技术部',15,'中级工程师',33,'研发工程师','劳动合同','高中','清华大学','考古','2018-01-01','在职','00000028',7,NULL,NULL,'2018-01-01','2025-01-30',NULL,0,NULL,NULL),(1501,'薛磊3','男','1992-07-01','610144199207017895','已婚',1,'汉族','陕西西安',13,'普通公民','xuelei@qq.com','15648887741','西安市雁塔区',92,'运维部',14,'初级工程师',34,'运维工程师','劳动合同','初中','华胥中学','无','2018-01-01','在职','00000029',6,NULL,NULL,'2018-01-01','2024-01-17',NULL,0,NULL,NULL),(1502,'江南一点雨4','男','1990-01-01','610122199001011256','已婚',1,'汉族','陕西',13,'普通公民','laowang@qq.com','18565558897','深圳市南山区',8,'财务部',9,'教授',29,'技术总监','劳动合同','本科','深圳大学','信息管理与信息系统','2018-01-01','在职','00000031',1,NULL,NULL,'2018-01-01','2019-01-01',NULL,0,NULL,NULL),(1503,'陈静4','女','1989-02-01','421288198902011234','已婚',1,'汉族','海南',1,'中共党员','chenjing@qq.com','18795556693','海南省海口市美兰区',82,'华南市场部',12,'助教',30,'运营总监','劳动合同','高中','武汉大学','市场营销','2015-06-09','在职','00000032',3,NULL,NULL,'2015-06-09','2018-06-08',NULL,0,NULL,NULL),(1504,'赵琳浩4','男','1993-03-04','610122199303041456','未婚',1,'汉族','陕西',3,'共青团员','zhao@qq.com','15698887795','陕西省西安市莲湖区',91,'技术部',12,'助教',33,'研发工程师','劳动合同','博士','哈尔滨理工大学','电子工程','2018-01-01','在职','00000033',3.5,NULL,NULL,'2018-01-01','2021-07-14',NULL,0,NULL,NULL),(1505,'鹿存亮4','男','1990-01-03','610122199001031456','已婚',1,'汉族','陕西',3,'共青团员','zhao@qq.com','15612347795','陕西省西安市莲湖区',92,'运维部',12,'助教',34,'运维工程师','劳动合同','高中','哈尔滨理工大学','电子工程','2018-01-01','在职','00000034',3.5,NULL,NULL,'2018-01-01','2021-07-14',NULL,0,NULL,NULL),(1506,'姚森4','男','1991-02-05','610122199102058952','已婚',1,'汉族','河南',3,'共青团员','yaosen@qq.com','14785559936','河南洛阳人民大道58号',92,'运维部',15,'中级工程师',34,'运维工程师','劳动合同','初中','西北大学','室内装修设计','2017-01-02','在职','00000035',7,NULL,NULL,'2017-01-02','2024-01-17',NULL,0,NULL,NULL),(1507,'云星4','女','1993-01-05','610122199301054789','已婚',1,'汉族','陕西西安',1,'中共党员','yunxing@qq.com','15644442252','陕西西安新城区',92,'运维部',16,'高级工程师',34,'运维工程师','劳务合同','硕士','西安电子科技学校','通信工程','2018-01-01','在职','00000036',5.25,NULL,NULL,'2018-01-01','2023-04-13',NULL,0,NULL,NULL),(1508,'贾旭明4','男','1993-11-11','610122199311111234','已婚',1,'汉族','广东广州',4,'民革党员','jiaxuming@qq.com','15644441234','广东省广州市天河区冼村路',78,'市场部',15,'中级工程师',33,'研发工程师','劳务合同','初中','西北大学','通信工程','2018-01-01','在职','00000037',5.25,NULL,NULL,'2018-01-01','2023-04-13',NULL,0,NULL,NULL),(1509,'谢工','女','1970-01-01','618177197001011234','离异',1,'汉族','江苏',1,'中共党员','584991843@qq.com','18558887788','北京',91,'技术部',12,'助教',29,'技术总监','劳动合同','本科','南华大学','计算机软件','2018-01-01','在职','00000038',5,NULL,NULL,'2018-01-01','2023-01-01',NULL,0,NULL,NULL),(1510,'林昭亮','男','1990-01-01','610122199809091234','已婚',1,'汉族','广东',13,'普通公民','584991843@qq.com','16767776654','广东深圳',91,'技术部',15,'中级工程师',33,'研发工程师','劳动合同','大专','广东职业技术学院','计算机软件','2018-01-01','在职','00000039',5,NULL,NULL,'2018-01-01','2023-01-01',NULL,0,NULL,NULL),(1511,'11','男','2018-01-01','610122201801011234','已婚',1,'汉族','1',1,'中共党员','584991843@qq.com','111','1',89,'莲湖区市场',9,'教授',29,'技术总监','劳动合同','本科','1','1','2018-01-01','在职','00000040',4,NULL,NULL,'2018-01-01','2022-01-26',NULL,0,NULL,NULL),(1512,'1','男','2018-01-01','610188199809091234','已婚',1,'汉族','1',1,'中共党员','584991843@qq.com','1','1',89,'莲湖区市场',9,'教授',29,'技术总监','劳动合同','大专','1','1','2018-01-31','在职','00000041',1,NULL,NULL,'2018-01-31','2019-01-31',NULL,0,NULL,NULL),(1513,'1','男','2018-01-01','610122199909090000','已婚',1,'汉族','1',1,'中共党员','584991843@qq.com','1','1',78,'市场部',9,'教授',29,'技术总监','劳动合同','大专','1','1','2018-01-31','在职','00000042',1,NULL,NULL,'2018-01-31','2019-01-31',NULL,0,NULL,NULL),(1514,'1','男','2018-01-01','610122199909090000','已婚',1,'汉族','1',1,'中共党员','584991843@qq.com','1','1',81,'华北市场部',9,'教授',29,'技术总监','劳动合同','大专','1','1','2018-01-31','在职','00000043',0,NULL,NULL,'2018-01-31','2018-01-31',NULL,0,NULL,NULL),(1515,'1','男','2018-01-01','610122199909099999','已婚',1,'汉族','1',1,'中共党员','584991843@qq.com','1','1',87,'西安市场',9,'教授',29,'技术总监','劳动合同','大专','1','1','2018-01-01','在职','00000044',0,NULL,NULL,'2018-01-01','2018-01-31',NULL,0,NULL,NULL),(1516,'1','男','2018-01-01','610122199909099999','已婚',1,'汉族','1',1,'中共党员','584991843@qq.com','1','1',78,'市场部',9,'教授',29,'技术总监','劳动合同','大专','1','1','2018-01-01','在职','00000045',0,NULL,NULL,'2018-01-01','2018-01-31',NULL,0,NULL,NULL),(1517,'林伯渠','男','2018-01-01','610122199909099999','未婚',1,'汉族','1',1,'中共党员','584991843@qq.com','1','1',8,'财务部',9,'教授',29,'技术总监','劳动合同','大专','1','1','2018-01-31','在职','00000046',0,NULL,NULL,'2018-01-31','2018-01-31',NULL,0,NULL,NULL),(1518,'1','男','2018-01-01','610122199909091234','已婚',1,'汉族','1',1,'中共党员','584991843@qq.com','1','1',8,'财务部',9,'教授',29,'技术总监','劳动合同','大专','1','1','2018-01-31','在职','00000047',0,NULL,NULL,'2018-01-31','2018-01-31',NULL,0,NULL,NULL);
/*!40000 ALTER TABLE `employee` ENABLE KEYS */;
UNLOCK TABLES;

--
-- Table structure for table `employee_appraise`
--

DROP TABLE IF EXISTS `employee_appraise`;
/*!40101 SET @saved_cs_client     = @@character_set_client */;
/*!50503 SET character_set_client = utf8mb4 */;
CREATE TABLE `employee_appraise` (
  `appraise_id` bigint(20) NOT NULL AUTO_INCREMENT COMMENT '员工考评表',
  `employee_id` bigint(20) DEFAULT NULL COMMENT '员工ID',
  `appraise_date` date DEFAULT NULL COMMENT '考评日期',
  `appraise_result` varchar(32) DEFAULT NULL COMMENT '考评结果',
  `appraise_content` varchar(255) DEFAULT NULL COMMENT '考评内容',
  `remark` varchar(255) DEFAULT NULL COMMENT '备注',
  `is_deleted` tinyint(1) DEFAULT '0' COMMENT '是否逻辑删除，1-表示删除，0-表示未删除',
  `create_time` datetime DEFAULT NULL COMMENT '创建时间',
  `update_time` datetime DEFAULT NULL COMMENT '更新时间',
  PRIMARY KEY (`appraise_id`),
  KEY `pid` (`employee_id`)
) ENGINE=InnoDB DEFAULT CHARSET=utf8 COMMENT='员工考评表';
/*!40101 SET character_set_client = @saved_cs_client */;

--
-- Dumping data for table `employee_appraise`
--

LOCK TABLES `employee_appraise` WRITE;
/*!40000 ALTER TABLE `employee_appraise` DISABLE KEYS */;
/*!40000 ALTER TABLE `employee_appraise` ENABLE KEYS */;
UNLOCK TABLES;

--
-- Table structure for table `employee_reward_punishment`
--

DROP TABLE IF EXISTS `employee_reward_punishment`;
/*!40101 SET @saved_cs_client     = @@character_set_client */;
/*!50503 SET character_set_client = utf8mb4 */;
CREATE TABLE `employee_reward_punishment` (
  `rp_id` bigint(20) NOT NULL AUTO_INCREMENT COMMENT '员工奖惩表ID',
  `employee_id` bigint(20) DEFAULT NULL COMMENT '员工ID',
  `rp_date` date DEFAULT NULL COMMENT '奖罚日期',
  `rp_reason` varchar(255) DEFAULT NULL COMMENT '奖罚原因',
  `rp_point` int(11) DEFAULT NULL COMMENT '奖罚分',
  `rp_type` tinyint(1) DEFAULT NULL COMMENT '奖罚类别，0：奖，1：罚',
  `remark` varchar(255) DEFAULT NULL COMMENT '备注',
  `is_deleted` tinyint(1) DEFAULT NULL COMMENT '是否逻辑删除，1-表示删除，0-表示未删除',
  `create_time` datetime DEFAULT NULL COMMENT '创建时间',
  `update_time` datetime DEFAULT NULL COMMENT '更新时间',
  PRIMARY KEY (`rp_id`),
  KEY `pid` (`employee_id`)
) ENGINE=InnoDB DEFAULT CHARSET=utf8 COMMENT='员工奖惩表';
/*!40101 SET character_set_client = @saved_cs_client */;

--
-- Dumping data for table `employee_reward_punishment`
--

LOCK TABLES `employee_reward_punishment` WRITE;
/*!40000 ALTER TABLE `employee_reward_punishment` DISABLE KEYS */;
/*!40000 ALTER TABLE `employee_reward_punishment` ENABLE KEYS */;
UNLOCK TABLES;

--
-- Table structure for table `employee_salary_relation`
--

DROP TABLE IF EXISTS `employee_salary_relation`;
/*!40101 SET @saved_cs_client     = @@character_set_client */;
/*!50503 SET character_set_client = utf8mb4 */;
CREATE TABLE `employee_salary_relation` (
  `id` bigint(20) NOT NULL AUTO_INCREMENT COMMENT '员工与薪水关联表ID',
  `employee_id` bigint(20) DEFAULT NULL COMMENT '员工ID',
  `salary_id` bigint(20) DEFAULT NULL COMMENT '薪水ID',
  PRIMARY KEY (`id`),
  KEY `eid` (`employee_id`),
  KEY `empsalary_ibfk_2` (`salary_id`)
) ENGINE=InnoDB AUTO_INCREMENT=17 DEFAULT CHARSET=utf8 COMMENT='员工与薪水关联表';
/*!40101 SET character_set_client = @saved_cs_client */;

--
-- Dumping data for table `employee_salary_relation`
--

LOCK TABLES `employee_salary_relation` WRITE;
/*!40000 ALTER TABLE `employee_salary_relation` DISABLE KEYS */;
INSERT INTO `employee_salary_relation` (`id`, `employee_id`, `salary_id`) VALUES (6,4,10),(7,3,9),(8,1,10),(10,5,9),(11,6,13),(12,7,13),(13,2,13),(14,8,10),(15,9,10),(16,10,13);
/*!40000 ALTER TABLE `employee_salary_relation` ENABLE KEYS */;
UNLOCK TABLES;

--
-- Table structure for table `employee_training`
--

DROP TABLE IF EXISTS `employee_training`;
/*!40101 SET @saved_cs_client     = @@character_set_client */;
/*!50503 SET character_set_client = utf8mb4 */;
CREATE TABLE `employee_training` (
  `training_id` bigint(20) NOT NULL AUTO_INCREMENT COMMENT '员工培训表ID',
  `employee_id` bigint(20) DEFAULT NULL COMMENT '员工ID',
  `training_date` date DEFAULT NULL COMMENT '培训日期',
  `training_content` varchar(255) DEFAULT NULL COMMENT '培训内容',
  `remark` varchar(255) DEFAULT NULL COMMENT '备注',
  `is_deleted` tinyint(1) DEFAULT '0' COMMENT '是否逻辑删除，1-表示删除，0-表示未删除',
  `create_time` datetime DEFAULT NULL COMMENT '创建时间',
  `update_time` datetime DEFAULT NULL COMMENT '更新时间',
  PRIMARY KEY (`training_id`),
  KEY `pid` (`employee_id`)
) ENGINE=InnoDB DEFAULT CHARSET=utf8 COMMENT='员工培训表';
/*!40101 SET character_set_client = @saved_cs_client */;

--
-- Dumping data for table `employee_training`
--

LOCK TABLES `employee_training` WRITE;
/*!40000 ALTER TABLE `employee_training` DISABLE KEYS */;
/*!40000 ALTER TABLE `employee_training` ENABLE KEYS */;
UNLOCK TABLES;

--
-- Table structure for table `employee_transfer`
--

DROP TABLE IF EXISTS `employee_transfer`;
/*!40101 SET @saved_cs_client     = @@character_set_client */;
/*!50503 SET character_set_client = utf8mb4 */;
CREATE TABLE `employee_transfer` (
  `transfer_id` bigint(20) NOT NULL AUTO_INCREMENT COMMENT '员工调岗表ID',
  `employee_id` bigint(20) DEFAULT NULL COMMENT '员工ID',
  `department_id_before` bigint(20) DEFAULT NULL COMMENT '调动前部门ID',
  `department_id_after` bigint(20) DEFAULT NULL COMMENT '调动后部门ID',
  `position_id_before` bigint(20) DEFAULT NULL COMMENT '调动前职位ID',
  `position_id_after` bigint(20) DEFAULT NULL COMMENT '调动后职位ID',
  `transfer_date` date DEFAULT NULL COMMENT '调动日期',
  `reason` varchar(255) DEFAULT NULL COMMENT '调动原因',
  `remark` varchar(255) DEFAULT NULL COMMENT '备注',
  `is_deleted` tinyint(1) DEFAULT '0' COMMENT '是否逻辑删除，1-表示删除，0-表示未删除',
  `create_time` datetime DEFAULT NULL COMMENT '创建时间',
  `update_time` datetime DEFAULT NULL COMMENT '更新时间',
  PRIMARY KEY (`transfer_id`),
  KEY `pid` (`employee_id`)
) ENGINE=InnoDB DEFAULT CHARSET=utf8 COMMENT='员工调岗表';
/*!40101 SET character_set_client = @saved_cs_client */;

--
-- Dumping data for table `employee_transfer`
--

LOCK TABLES `employee_transfer` WRITE;
/*!40000 ALTER TABLE `employee_transfer` DISABLE KEYS */;
/*!40000 ALTER TABLE `employee_transfer` ENABLE KEYS */;
UNLOCK TABLES;

--
-- Table structure for table `nation`
--

DROP TABLE IF EXISTS `nation`;
/*!40101 SET @saved_cs_client     = @@character_set_client */;
/*!50503 SET character_set_client = utf8mb4 */;
CREATE TABLE `nation` (
  `nation_id` bigint(20) NOT NULL AUTO_INCREMENT COMMENT '民族ID',
  `nation_name` varchar(32) DEFAULT NULL COMMENT '民族名称',
  `is_deleted` tinyint(1) DEFAULT '0' COMMENT '是否逻辑删除，1-表示删除，0-表示未删除',
  `create_time` datetime DEFAULT NULL COMMENT '创建时间',
  `update_time` datetime DEFAULT NULL COMMENT '更新时间',
  PRIMARY KEY (`nation_id`)
) ENGINE=InnoDB AUTO_INCREMENT=57 DEFAULT CHARSET=utf8 COMMENT='民族表';
/*!40101 SET character_set_client = @saved_cs_client */;

--
-- Dumping data for table `nation`
--

LOCK TABLES `nation` WRITE;
/*!40000 ALTER TABLE `nation` DISABLE KEYS */;
INSERT INTO `nation` (`nation_id`, `nation_name`, `is_deleted`, `create_time`, `update_time`) VALUES (1,'汉族',0,'2019-10-04 22:22:58',NULL),(2,'蒙古族',0,'2019-10-04 22:23:01',NULL),(3,'回族',0,'2019-10-04 22:23:02',NULL),(4,'藏族',0,'2019-10-04 22:23:03',NULL),(5,'维吾尔族',0,'2019-10-04 22:23:05',NULL),(6,'苗族',0,'2019-10-04 22:23:10',NULL),(7,'彝族',0,'2019-10-04 22:23:11',NULL),(8,'壮族',0,'2019-10-04 22:23:13',NULL),(9,'布依族',0,'2019-10-04 22:23:14',NULL),(10,'朝鲜族',0,'2019-10-04 22:23:16',NULL),(11,'满族',0,'2019-10-04 22:23:20',NULL),(12,'侗族',0,'2019-10-04 22:23:18',NULL),(13,'瑶族',0,'2019-10-04 22:23:22',NULL),(14,'白族',0,'2019-10-04 22:23:24',NULL),(15,'土家族',0,'2019-10-04 22:23:26',NULL),(16,'哈尼族',0,'2019-10-04 22:23:27',NULL),(17,'哈萨克族',0,'2019-10-04 22:23:29',NULL),(18,'傣族',0,'2019-10-04 22:23:30',NULL),(19,'黎族',0,'2019-10-04 22:23:34',NULL),(20,'傈僳族',0,'2019-10-04 22:23:36',NULL),(21,'佤族',0,'2019-10-04 22:23:37',NULL),(22,'畲族',0,'2019-10-04 22:23:40',NULL),(23,'高山族',0,'2019-10-04 22:23:41',NULL),(24,'拉祜族',0,'2019-10-04 22:23:42',NULL),(25,'水族',0,'2019-10-04 22:23:44',NULL),(26,'东乡族',0,'2019-10-04 22:23:45',NULL),(27,'纳西族',0,'2019-10-04 22:23:47',NULL),(28,'景颇族',0,'2019-10-04 22:23:49',NULL),(29,'柯尔克孜族',0,'2019-10-04 22:23:51',NULL),(30,'土族',0,'2019-10-04 22:23:52',NULL),(31,'达斡尔族',0,'2019-10-04 22:23:54',NULL),(32,'仫佬族',0,'2019-10-04 22:23:55',NULL),(33,'羌族',0,'2019-10-04 22:23:56',NULL),(34,'布朗族',0,'2019-10-04 22:23:58',NULL),(35,'撒拉族',0,'2019-10-04 22:23:59',NULL),(36,'毛难族',0,'2019-10-04 22:24:00',NULL),(37,'仡佬族',0,'2019-10-04 22:24:02',NULL),(38,'锡伯族',0,'2019-10-04 22:24:06',NULL),(39,'阿昌族',0,'2019-10-04 22:24:07',NULL),(40,'普米族',0,'2019-10-04 22:24:08',NULL),(41,'塔吉克族',0,'2019-10-04 22:24:10',NULL),(42,'怒族',0,'2019-10-04 22:24:14',NULL),(43,'乌孜别克族',0,'2019-10-04 22:24:15',NULL),(44,'俄罗斯族',0,'2019-10-04 22:24:17',NULL),(45,'鄂温克族',0,'2019-10-04 22:24:18',NULL),(46,'崩龙族',0,'2019-10-04 22:24:19',NULL),(47,'保安族',0,'2019-10-04 22:24:21',NULL),(48,'裕固族',0,'2019-10-04 22:24:22',NULL),(49,'京族',0,'2019-10-04 22:24:24',NULL),(50,'塔塔尔族',0,'2019-10-04 22:24:25',NULL),(51,'独龙族',0,'2019-10-04 22:24:28',NULL),(52,'鄂伦春族',0,'2019-10-04 22:24:29',NULL),(53,'赫哲族',0,'2019-10-04 22:24:30',NULL),(54,'门巴族',0,'2019-10-04 22:24:32',NULL),(55,'珞巴族',0,'2019-10-04 22:24:33',NULL),(56,'基诺族',0,'2019-10-04 22:24:34',NULL);
/*!40000 ALTER TABLE `nation` ENABLE KEYS */;
UNLOCK TABLES;

--
-- Table structure for table `political_status`
--

DROP TABLE IF EXISTS `political_status`;
/*!40101 SET @saved_cs_client     = @@character_set_client */;
/*!50503 SET character_set_client = utf8mb4 */;
CREATE TABLE `political_status` (
  `political_status_id` bigint(20) NOT NULL AUTO_INCREMENT COMMENT '政治面貌表ID',
  `political_status_name` varchar(32) DEFAULT NULL COMMENT '政治面貌名称',
  `is_deleted` tinyint(1) DEFAULT '0' COMMENT '是否逻辑删除，1-表示删除，0-表示未删除',
  `create_time` datetime DEFAULT NULL COMMENT '创建时间',
  `update_time` datetime DEFAULT NULL COMMENT '更新时间',
  PRIMARY KEY (`political_status_id`)
) ENGINE=InnoDB AUTO_INCREMENT=14 DEFAULT CHARSET=utf8 COMMENT='政治面貌表';
/*!40101 SET character_set_client = @saved_cs_client */;

--
-- Dumping data for table `political_status`
--

LOCK TABLES `political_status` WRITE;
/*!40000 ALTER TABLE `political_status` DISABLE KEYS */;
INSERT INTO `political_status` (`political_status_id`, `political_status_name`, `is_deleted`, `create_time`, `update_time`) VALUES (1,'中共党员',0,'2019-10-04 22:39:06',NULL),(2,'中共预备党员',0,'2019-10-04 22:39:09',NULL),(3,'共青团员',0,'2019-10-04 22:39:11',NULL),(4,'民革党员',0,'2019-10-04 22:39:14',NULL),(5,'民盟盟员',0,'2019-10-04 22:39:16',NULL),(6,'民建会员',0,'2019-10-04 22:39:18',NULL),(7,'民进会员',0,'2019-10-04 22:39:19',NULL),(8,'农工党党员',0,'2019-10-04 22:39:21',NULL),(9,'致公党党员',0,'2019-10-04 22:39:25',NULL),(10,'九三学社社员',0,'2019-10-04 22:39:29',NULL),(11,'台盟盟员',0,'2019-10-04 22:39:31',NULL),(12,'无党派民主人士',0,'2019-10-04 22:39:34',NULL),(13,'普通公民',0,'2019-10-04 22:39:37',NULL);
/*!40000 ALTER TABLE `political_status` ENABLE KEYS */;
UNLOCK TABLES;

--
-- Table structure for table `position`
--

DROP TABLE IF EXISTS `position`;
/*!40101 SET @saved_cs_client     = @@character_set_client */;
/*!50503 SET character_set_client = utf8mb4 */;
CREATE TABLE `position` (
  `position_id` bigint(20) NOT NULL AUTO_INCREMENT COMMENT '职位表ID',
  `position_name` varchar(32) DEFAULT NULL COMMENT '职位名称',
  `is_deleted` tinyint(1) DEFAULT '0' COMMENT '是否逻辑删除，1-表示删除，0-表示未删除',
  `create_time` datetime DEFAULT NULL COMMENT '创建时间',
  `update_time` datetime DEFAULT NULL COMMENT '更新时间',
  PRIMARY KEY (`position_id`),
  UNIQUE KEY `name` (`position_name`)
) ENGINE=InnoDB AUTO_INCREMENT=43 DEFAULT CHARSET=utf8 COMMENT='职位表';
/*!40101 SET character_set_client = @saved_cs_client */;

--
-- Dumping data for table `position`
--

LOCK TABLES `position` WRITE;
/*!40000 ALTER TABLE `position` DISABLE KEYS */;
INSERT INTO `position` (`position_id`, `position_name`, `is_deleted`, `create_time`, `update_time`) VALUES (29,'技术总监',0,'2018-01-11 21:13:42',NULL),(30,'运营总监',0,'2018-01-11 21:13:48',NULL),(31,'市场总监',0,'2018-01-11 21:13:56',NULL),(32,'总经理',0,'2018-01-11 21:35:07',NULL),(33,'研发工程师',0,'2018-01-14 16:07:11',NULL),(34,'运维工程师',0,'2018-01-14 16:11:41',NULL);
/*!40000 ALTER TABLE `position` ENABLE KEYS */;
UNLOCK TABLES;

--
-- Table structure for table `professional_title`
--

DROP TABLE IF EXISTS `professional_title`;
/*!40101 SET @saved_cs_client     = @@character_set_client */;
/*!50503 SET character_set_client = utf8mb4 */;
CREATE TABLE `professional_title` (
  `professional_title_id` bigint(20) NOT NULL AUTO_INCREMENT COMMENT '职称ID',
  `name` varchar(32) DEFAULT NULL COMMENT '职称名称',
  `level` enum('正高级','副高级','中级','初级','员级') DEFAULT NULL COMMENT '职称级别',
  `is_deleted` tinyint(1) DEFAULT '0' COMMENT '是否逻辑删除，1-表示删除，0-表示未删除',
  `create_time` datetime DEFAULT NULL COMMENT '创建时间',
  `update_time` datetime DEFAULT NULL COMMENT '更新时间',
  PRIMARY KEY (`professional_title_id`)
) ENGINE=InnoDB AUTO_INCREMENT=27 DEFAULT CHARSET=utf8 COMMENT='职称表';
/*!40101 SET character_set_client = @saved_cs_client */;

--
-- Dumping data for table `professional_title`
--

LOCK TABLES `professional_title` WRITE;
/*!40000 ALTER TABLE `professional_title` DISABLE KEYS */;
INSERT INTO `professional_title` (`professional_title_id`, `name`, `level`, `is_deleted`, `create_time`, `update_time`) VALUES (9,'教授','正高级',0,'2018-01-11 21:19:14',NULL),(10,'副教授','副高级',0,'2018-01-11 21:19:20',NULL),(12,'助教','初级',0,'2018-01-11 21:35:39',NULL),(13,'讲师','中级',0,'2018-01-11 22:42:12',NULL),(14,'初级工程师','初级',0,'2018-01-14 16:18:50',NULL),(15,'中级工程师','中级',0,'2018-01-14 16:19:00',NULL),(16,'高级工程师','副高级',0,'2018-01-14 16:19:14',NULL),(17,'骨灰级工程师','正高级',0,'2018-01-14 16:19:24',NULL);
/*!40000 ALTER TABLE `professional_title` ENABLE KEYS */;
UNLOCK TABLES;

--
-- Table structure for table `resource`
--

DROP TABLE IF EXISTS `resource`;
/*!40101 SET @saved_cs_client     = @@character_set_client */;
/*!50503 SET character_set_client = utf8mb4 */;
CREATE TABLE `resource` (
  `resource_id` bigint(20) NOT NULL AUTO_INCREMENT COMMENT '系统资源表主键',
  `resource_url` varchar(64) DEFAULT NULL COMMENT '资源URL，用于Spring Security权限拦截',
  `resource_path` varchar(64) DEFAULT NULL COMMENT '资源路径，供前端使用',
  `component` varchar(64) DEFAULT NULL COMMENT '组件名称，供前端使用',
  `name` varchar(64) DEFAULT NULL COMMENT '组件名',
  `icon_cls` varchar(64) DEFAULT NULL COMMENT '资源图标，供前端使用',
  `keep_alive` tinyint(1) DEFAULT NULL COMMENT '资源切换时，是否保活，供前端使用',
  `require_auth` tinyint(1) DEFAULT NULL COMMENT '是否登录后才能访问，供前端使用',
  `parent_id` bigint(20) DEFAULT NULL COMMENT '上级资源ID',
  `is_enabled` tinyint(1) DEFAULT '1' COMMENT '生否生效，1-生效，0-失效',
  `is_deleted` tinyint(1) DEFAULT '0' COMMENT '是否逻辑删除，1-逻辑已删除，0-逻辑未删除',
  `create_time` datetime DEFAULT NULL COMMENT '创建时间',
  `update_time` datetime DEFAULT NULL COMMENT '更新时间',
  PRIMARY KEY (`resource_id`),
  KEY `parentId` (`parent_id`)
) ENGINE=InnoDB AUTO_INCREMENT=29 DEFAULT CHARSET=utf8 COMMENT='系统资源表';
/*!40101 SET character_set_client = @saved_cs_client */;

--
-- Dumping data for table `resource`
--

LOCK TABLES `resource` WRITE;
/*!40000 ALTER TABLE `resource` DISABLE KEYS */;
INSERT INTO `resource` (`resource_id`, `resource_url`, `resource_path`, `component`, `name`, `icon_cls`, `keep_alive`, `require_auth`, `parent_id`, `is_enabled`, `is_deleted`, `create_time`, `update_time`) VALUES (1,'/',NULL,NULL,'所有',NULL,NULL,NULL,0,1,0,'2019-10-14 00:44:15',NULL),(2,'/','/home','Home','员工资料','fa fa-user-circle-o',NULL,1,1,1,0,'2019-10-14 00:44:17',NULL),(3,'/','/home','Home','人事管理','fa fa-address-card-o',NULL,1,1,1,0,'2019-10-14 00:44:18',NULL),(4,'/','/home','Home','薪资管理','fa fa-money',NULL,1,1,1,0,'2019-10-14 00:44:18',NULL),(5,'/','/home','Home','统计管理','fa fa-bar-chart',NULL,1,1,1,0,'2019-10-14 00:44:20',NULL),(6,'/','/home','Home','系统管理','fa fa-windows',NULL,1,1,1,0,'2019-10-14 00:44:20',NULL),(7,'/employee/basic/**','/employee/basic','EmployeeBasic','基本资料',NULL,NULL,1,2,1,0,'2019-10-14 00:44:21',NULL),(8,'/employee/advanced/**','/employee/advanced','EmployeeAdvanced','高级资料',NULL,NULL,1,2,0,0,'2019-10-14 00:44:22',NULL),(9,'/personnel/data/**','/personnel/data','PersonnelData','员工资料',NULL,NULL,1,3,0,0,'2019-10-14 00:44:23',NULL),(10,'/personnel/rewardAndPunishment/**','/personnel/rewardAndPunishment','PersonnelRewardAndPunishment','员工奖惩',NULL,NULL,1,3,1,0,'2019-10-14 00:44:24',NULL),(11,'/personnel/training/**','/personnel/training','PersonnelTraining','员工培训',NULL,NULL,1,3,1,0,'2019-10-14 00:44:25',NULL),(12,'/personnel/salary/**','/personnel/salary','PersonnelSalary','员工调薪',NULL,NULL,1,3,1,0,'2019-10-14 00:44:26',NULL),(13,'/personnel/transfer/**','/personnel/transfer','PersonnelTransfer','员工调动',NULL,NULL,1,3,1,0,'2019-10-14 00:44:27',NULL),(14,'/salary/sob/**','/salary/sob','SalarySob','工资账套管理',NULL,NULL,1,4,1,0,'2019-10-14 00:44:28',NULL),(15,'/salary/sobConfig/**','/salary/sobConfig','SalarySobConfig','员工账套设置',NULL,NULL,1,4,1,0,'2019-10-14 00:44:30',NULL),(16,'/salary/payroll/**','/salary/payroll','SalaryPayroll','工资表管理',NULL,NULL,1,4,1,0,'2019-10-14 00:44:31',NULL),(17,'/salary/month/**','/salary/month','SalaryMonth','月末处理',NULL,NULL,1,4,1,0,'2019-10-14 00:44:32',NULL),(18,'/salary/search/**','/salary/search','SalarySearch','工资表查询',NULL,NULL,1,4,1,0,'2019-10-14 00:44:33',NULL),(19,'/statistics/all/**','/statistics/all','StatisticsAll','综合信息统计',NULL,NULL,1,5,1,0,'2019-10-14 00:44:33',NULL),(20,'/statistics/score/**','/statistics/score','StatisticsScore','员工积分统计',NULL,NULL,1,5,1,0,'2019-10-14 00:44:34',NULL),(21,'/statistics/personnel/**','/statistics/personnel','StatisticsPersonnel','人事信息统计',NULL,NULL,1,5,1,0,'2019-10-14 00:44:35',NULL),(22,'/statistics/recored/**','/statistics/record','StatisticsRecord','人事记录统计',NULL,NULL,1,5,1,0,'2019-10-14 00:44:36',NULL),(23,'/system/basicInfo/**','/system/basicInfo','SystemBasicInfo','基础信息设置',NULL,NULL,1,6,1,0,'2019-10-14 00:44:37',NULL),(24,'/system/config/**','/system/config','SystemConfig','系统管理',NULL,NULL,1,6,1,0,'2019-10-14 00:44:38',NULL),(25,'/system/log/**','/system/log','SystemLog','操作日志管理',NULL,NULL,1,6,1,0,'2019-10-14 00:44:39',NULL),(26,'/system/user/**','/system/user','SystemUser','操作员管理',NULL,NULL,1,6,1,0,'2019-10-14 00:44:40',NULL),(27,'/system/data/**','/system/data','SystemData','备份恢复数据库',NULL,NULL,1,6,1,0,'2019-10-14 00:44:41',NULL),(28,'/system/init/**','/system/init','SystemInit','初始化数据库',NULL,NULL,1,6,1,0,'2019-10-14 00:44:42',NULL);
/*!40000 ALTER TABLE `resource` ENABLE KEYS */;
UNLOCK TABLES;

--
-- Table structure for table `resource_role_relation`
--

DROP TABLE IF EXISTS `resource_role_relation`;
/*!40101 SET @saved_cs_client     = @@character_set_client */;
/*!50503 SET character_set_client = utf8mb4 */;
CREATE TABLE `resource_role_relation` (
  `id` bigint(20) NOT NULL AUTO_INCREMENT COMMENT '资源与角色关联表主键',
  `resource_id` bigint(20) DEFAULT NULL COMMENT '资源ID',
  `role_id` bigint(20) DEFAULT NULL COMMENT '角色ID',
  PRIMARY KEY (`id`),
  KEY `mid` (`resource_id`),
  KEY `rid` (`role_id`)
) ENGINE=InnoDB AUTO_INCREMENT=308 DEFAULT CHARSET=utf8 COMMENT='资源与角色关联表';
/*!40101 SET character_set_client = @saved_cs_client */;

--
-- Dumping data for table `resource_role_relation`
--

LOCK TABLES `resource_role_relation` WRITE;
/*!40000 ALTER TABLE `resource_role_relation` DISABLE KEYS */;
INSERT INTO `resource_role_relation` (`id`, `resource_id`, `role_id`) VALUES (161,7,3),(162,7,6),(163,9,6),(164,10,6),(165,11,6),(166,12,6),(167,13,6),(168,14,6),(169,15,6),(170,16,6),(171,17,6),(172,18,6),(173,19,6),(174,20,6),(175,21,6),(176,22,6),(177,23,6),(178,25,6),(179,26,6),(180,27,6),(181,28,6),(182,24,6),(247,7,4),(248,8,4),(249,11,4),(250,7,2),(251,8,2),(252,9,2),(253,10,2),(254,12,2),(255,13,2),(256,7,1),(257,8,1),(258,9,1),(259,10,1),(260,11,1),(261,12,1),(262,13,1),(263,14,1),(264,15,1),(265,16,1),(266,17,1),(267,18,1),(268,19,1),(269,20,1),(270,21,1),(271,22,1),(272,23,1),(273,24,1),(274,25,1),(275,26,1),(276,27,1),(277,28,1),(283,7,14),(284,10,14),(285,11,14),(286,12,14),(287,13,14);
/*!40000 ALTER TABLE `resource_role_relation` ENABLE KEYS */;
UNLOCK TABLES;

--
-- Table structure for table `role`
--

DROP TABLE IF EXISTS `role`;
/*!40101 SET @saved_cs_client     = @@character_set_client */;
/*!50503 SET character_set_client = utf8mb4 */;
CREATE TABLE `role` (
  `role_id` bigint(20) NOT NULL AUTO_INCREMENT COMMENT '角色ID',
  `role_name` varchar(64) NOT NULL COMMENT '角色名称',
  `chinese_name` varchar(64) DEFAULT NULL COMMENT '角色中文名称',
  `is_deleted` tinyint(1) DEFAULT '0' COMMENT '是否逻辑删除，1-表示删除，0-表示未删除',
  `create_time` datetime DEFAULT NULL COMMENT '创建时间',
  `update_time` datetime DEFAULT NULL COMMENT '更新时间',
  PRIMARY KEY (`role_id`)
) ENGINE=InnoDB AUTO_INCREMENT=18 DEFAULT CHARSET=utf8 COMMENT='系统角色表';
/*!40101 SET character_set_client = @saved_cs_client */;

--
-- Dumping data for table `role`
--

LOCK TABLES `role` WRITE;
/*!40000 ALTER TABLE `role` DISABLE KEYS */;
INSERT INTO `role` (`role_id`, `role_name`, `chinese_name`, `is_deleted`, `create_time`, `update_time`) VALUES (1,'ROLE_manager','部门经理',0,'2019-09-23 12:32:39',NULL),(2,'ROLE_personnel','人事专员',0,'2019-09-23 12:32:42',NULL),(3,'ROLE_recruiter','招聘主管',0,'2019-09-23 12:32:43',NULL),(4,'ROLE_train','培训主管',0,'2019-09-23 12:32:45',NULL),(5,'ROLE_performance','薪酬绩效主管',0,'2019-09-23 12:32:46',NULL),(6,'ROLE_admin','系统管理员',0,'2019-09-23 12:32:48',NULL),(13,'ROLE_test2','测试角色2',0,'2019-09-23 12:32:50',NULL),(14,'ROLE_test1','测试角色1',0,'2019-09-23 12:32:51',NULL);
/*!40000 ALTER TABLE `role` ENABLE KEYS */;
UNLOCK TABLES;

--
-- Table structure for table `salary`
--

DROP TABLE IF EXISTS `salary`;
/*!40101 SET @saved_cs_client     = @@character_set_client */;
/*!50503 SET character_set_client = utf8mb4 */;
CREATE TABLE `salary` (
  `salary_id` bigint(20) NOT NULL AUTO_INCREMENT COMMENT '薪资表ID',
  `salary_basic` int(11) DEFAULT NULL COMMENT '基本工资',
  `name` varchar(32) DEFAULT NULL COMMENT '账套名称',
  `bonus` int(11) DEFAULT NULL COMMENT '奖金',
  `travel_allowance` int(11) DEFAULT NULL COMMENT '交通补助',
  `lunch_allowance` int(11) DEFAULT NULL COMMENT '午餐补助',
  `salary_payable` int(11) DEFAULT NULL COMMENT '应发工资',
  `pension_base` int(11) DEFAULT NULL COMMENT '养老金基数',
  `pension_per` float DEFAULT NULL COMMENT '养老金比率',
  `medical_base` int(11) DEFAULT NULL COMMENT '医疗基数',
  `medical_per` float DEFAULT NULL COMMENT '医疗保险比率',
  `accumulation_fund_base` int(11) DEFAULT NULL COMMENT '公积金基数',
  `accumulation_fund_per` float DEFAULT NULL COMMENT '公积金比率',
  `is_deleted` tinyint(1) DEFAULT '0' COMMENT '是否逻辑删除，1-表示删除，0-表示未删除',
  `create_time` datetime DEFAULT NULL COMMENT '创建时间',
  `update_time` datetime DEFAULT NULL COMMENT '更新时间',
  PRIMARY KEY (`salary_id`)
) ENGINE=InnoDB AUTO_INCREMENT=14 DEFAULT CHARSET=utf8 COMMENT='薪资表';
/*!40101 SET character_set_client = @saved_cs_client */;

--
-- Dumping data for table `salary`
--

LOCK TABLES `salary` WRITE;
/*!40000 ALTER TABLE `salary` DISABLE KEYS */;
INSERT INTO `salary` (`salary_id`, `salary_basic`, `name`, `bonus`, `travel_allowance`, `lunch_allowance`, `salary_payable`, `pension_base`, `pension_per`, `medical_base`, `medical_per`, `accumulation_fund_base`, `accumulation_fund_per`, `is_deleted`, `create_time`, `update_time`) VALUES (9,9000,'市场部工资账套',4000,500,800,NULL,2000,0.07,2000,0.07,2000,0.07,0,'2018-01-24 00:00:00',NULL),(10,2000,'人事部工资账套',2000,1000,400,NULL,2000,0.07,2000,0.07,2000,0.07,0,'2018-01-01 00:00:00',NULL),(13,10000,'运维部工资账套',3000,500,500,NULL,4000,0.07,4000,0.07,4000,0.07,0,'2018-01-25 00:00:00',NULL);
/*!40000 ALTER TABLE `salary` ENABLE KEYS */;
UNLOCK TABLES;

--
-- Table structure for table `salary_adjustment`
--

DROP TABLE IF EXISTS `salary_adjustment`;
/*!40101 SET @saved_cs_client     = @@character_set_client */;
/*!50503 SET character_set_client = utf8mb4 */;
CREATE TABLE `salary_adjustment` (
  `adjustment_id` bigint(20) NOT NULL AUTO_INCREMENT COMMENT '员工调薪表ID',
  `employee_id` bigint(20) DEFAULT NULL COMMENT '员工ID',
  `adjustment_date` date DEFAULT NULL COMMENT '调薪日期',
  `salary_id_before` bigint(20) DEFAULT NULL COMMENT '调前薪资ID',
  `salary_id_after` bigint(20) DEFAULT NULL COMMENT '调后薪资ID',
  `reason` varchar(255) DEFAULT NULL COMMENT '调薪原因',
  `remark` varchar(255) DEFAULT NULL COMMENT '备注',
  `is_deleted` tinyint(1) DEFAULT '0' COMMENT '是否逻辑删除，1-表示删除，0-表示未删除',
  `create_time` datetime DEFAULT NULL COMMENT '创建时间',
  `update_time` datetime DEFAULT NULL COMMENT '更新时间',
  PRIMARY KEY (`adjustment_id`),
  KEY `pid` (`employee_id`)
) ENGINE=InnoDB DEFAULT CHARSET=utf8 COMMENT='员工调薪表';
/*!40101 SET character_set_client = @saved_cs_client */;

--
-- Dumping data for table `salary_adjustment`
--

LOCK TABLES `salary_adjustment` WRITE;
/*!40000 ALTER TABLE `salary_adjustment` DISABLE KEYS */;
/*!40000 ALTER TABLE `salary_adjustment` ENABLE KEYS */;
UNLOCK TABLES;

--
-- Table structure for table `system_msg`
--

DROP TABLE IF EXISTS `system_msg`;
/*!40101 SET @saved_cs_client     = @@character_set_client */;
/*!50503 SET character_set_client = utf8mb4 */;
CREATE TABLE `system_msg` (
  `msg_id` bigint(20) NOT NULL AUTO_INCREMENT COMMENT '系统消息ID',
  `msg_content_id` bigint(20) DEFAULT NULL COMMENT '消息文本ID',
  `msg_type` tinyint(1) DEFAULT '0' COMMENT '0表示群发消息',
  `user_id` bigint(20) DEFAULT NULL COMMENT '这条消息是给谁的',
  `is_read` tinyint(1) DEFAULT '0' COMMENT '消息是否已读，0-未读，1-已读',
  `create_time` datetime DEFAULT NULL COMMENT '创建时间',
  `update_time` datetime DEFAULT NULL COMMENT '更新时间',
  PRIMARY KEY (`msg_id`),
  KEY `hrid` (`user_id`),
  KEY `sysmsg_ibfk_1` (`msg_content_id`)
) ENGINE=InnoDB AUTO_INCREMENT=82 DEFAULT CHARSET=utf8 COMMENT='系统消息表';
/*!40101 SET character_set_client = @saved_cs_client */;

--
-- Dumping data for table `system_msg`
--

LOCK TABLES `system_msg` WRITE;
/*!40000 ALTER TABLE `system_msg` DISABLE KEYS */;
INSERT INTO `system_msg` (`msg_id`, `msg_content_id`, `msg_type`, `user_id`, `is_read`, `create_time`, `update_time`) VALUES (57,14,0,3,1,NULL,NULL),(58,14,0,5,1,NULL,NULL),(59,14,0,10,1,NULL,NULL),(60,14,0,11,0,NULL,NULL),(61,14,0,12,0,NULL,NULL),(62,15,0,3,1,NULL,NULL),(63,15,0,5,1,NULL,NULL),(64,15,0,10,1,NULL,NULL),(65,15,0,11,0,NULL,NULL),(66,15,0,12,0,NULL,NULL),(67,16,0,3,1,NULL,NULL),(68,16,0,5,1,NULL,NULL),(69,16,0,10,1,NULL,NULL),(70,16,0,11,0,NULL,NULL),(71,16,0,12,0,NULL,NULL),(72,17,0,3,1,NULL,NULL),(73,17,0,5,1,NULL,NULL),(74,17,0,10,1,NULL,NULL),(75,17,0,11,0,NULL,NULL),(76,17,0,12,0,NULL,NULL),(77,18,0,3,1,NULL,NULL),(78,18,0,5,0,NULL,NULL),(79,18,0,10,0,NULL,NULL),(80,18,0,11,0,NULL,NULL),(81,18,0,12,0,NULL,NULL);
/*!40000 ALTER TABLE `system_msg` ENABLE KEYS */;
UNLOCK TABLES;

--
-- Table structure for table `system_msg_content`
--

DROP TABLE IF EXISTS `system_msg_content`;
/*!40101 SET @saved_cs_client     = @@character_set_client */;
/*!50503 SET character_set_client = utf8mb4 */;
CREATE TABLE `system_msg_content` (
  `msg_content_id` bigint(20) NOT NULL AUTO_INCREMENT COMMENT '系统消息文本ID',
  `msg_title` varchar(64) DEFAULT NULL COMMENT '消息标题',
  `msg_content` varchar(255) DEFAULT NULL COMMENT '消息文本',
  `create_time` datetime DEFAULT NULL COMMENT '创建时间',
  `update_time` datetime DEFAULT NULL COMMENT '更新时间',
  PRIMARY KEY (`msg_content_id`)
) ENGINE=InnoDB AUTO_INCREMENT=19 DEFAULT CHARSET=utf8 COMMENT='系统消息文本表';
/*!40101 SET character_set_client = @saved_cs_client */;

--
-- Dumping data for table `system_msg_content`
--

LOCK TABLES `system_msg_content` WRITE;
/*!40000 ALTER TABLE `system_msg_content` DISABLE KEYS */;
INSERT INTO `system_msg_content` (`msg_content_id`, `msg_title`, `msg_content`, `create_time`, `update_time`) VALUES (14,'2222222222','11111111111111111','2018-02-02 20:46:19',NULL),(15,'22222222','3333333333333333333333','2018-02-02 21:45:57',NULL),(16,'通知标题1','通知内容1','2018-02-03 11:41:39',NULL),(17,'通知标题2','通知内容2','2018-02-03 11:52:37',NULL),(18,'通知标题3','通知内容3','2018-02-03 12:19:41',NULL);
/*!40000 ALTER TABLE `system_msg_content` ENABLE KEYS */;
UNLOCK TABLES;

--
-- Table structure for table `system_oplog`
--

DROP TABLE IF EXISTS `system_oplog`;
/*!40101 SET @saved_cs_client     = @@character_set_client */;
/*!50503 SET character_set_client = utf8mb4 */;
CREATE TABLE `system_oplog` (
  `oplog_id` bigint(20) NOT NULL AUTO_INCREMENT,
  `user_id` bigint(20) DEFAULT NULL COMMENT '操作员ID',
  `operation_content` varchar(255) DEFAULT NULL COMMENT '操作内容',
  `create_time` datetime DEFAULT NULL COMMENT '创建日期',
  `update_time` datetime DEFAULT NULL COMMENT '更新时间',
  PRIMARY KEY (`oplog_id`),
  KEY `hrid` (`user_id`)
) ENGINE=InnoDB DEFAULT CHARSET=utf8 COMMENT='系统操作日志表';
/*!40101 SET character_set_client = @saved_cs_client */;

--
-- Dumping data for table `system_oplog`
--

LOCK TABLES `system_oplog` WRITE;
/*!40000 ALTER TABLE `system_oplog` DISABLE KEYS */;
/*!40000 ALTER TABLE `system_oplog` ENABLE KEYS */;
UNLOCK TABLES;

--
-- Table structure for table `user`
--

DROP TABLE IF EXISTS `user`;
/*!40101 SET @saved_cs_client     = @@character_set_client */;
/*!50503 SET character_set_client = utf8mb4 */;
CREATE TABLE `user` (
  `user_id` bigint(20) NOT NULL AUTO_INCREMENT COMMENT '用户ID',
  `real_name` varchar(32) DEFAULT NULL COMMENT '真实姓名',
  `username` varchar(255) NOT NULL COMMENT '用户名',
  `password` varchar(255) DEFAULT NULL COMMENT '密码',
  `profile_picture` varchar(255) DEFAULT NULL COMMENT '用户头像',
  `mobile_phone` char(11) DEFAULT NULL COMMENT '手机号码',
  `telephone` varchar(16) DEFAULT NULL COMMENT '住宅电话',
  `address` varchar(64) DEFAULT NULL COMMENT '联系地址',
  `remark` varchar(255) DEFAULT NULL COMMENT '备注',
  `is_enabled` tinyint(1) DEFAULT '1' COMMENT '是否生效，0-未生效，1-生效',
  `is_deleted` tinyint(1) DEFAULT '0' COMMENT '是否逻辑删除，1-表示删除，0-表示未删除',
  `create_time` datetime DEFAULT NULL COMMENT '创建时间',
  `update_time` datetime DEFAULT NULL COMMENT '更新时间',
  PRIMARY KEY (`user_id`),
  UNIQUE KEY `user_user_name_index` (`username`)
) ENGINE=InnoDB AUTO_INCREMENT=14 DEFAULT CHARSET=utf8 COMMENT='系统用户表';
/*!40101 SET character_set_client = @saved_cs_client */;

--
-- Dumping data for table `user`
--

LOCK TABLES `user` WRITE;
/*!40000 ALTER TABLE `user` DISABLE KEYS */;
INSERT INTO `user` (`user_id`, `real_name`, `username`, `password`, `profile_picture`, `mobile_phone`, `telephone`, `address`, `remark`, `is_enabled`, `is_deleted`, `create_time`, `update_time`) VALUES (3,'系统管理员','admin','$2a$10$ySG2lkvjFHY5O0./CPIE1OI8VJsuKYEzOYzqIa7AJR6sEgSzUFOAm','http://bpic.588ku.com/element_pic/01/40/00/64573ce2edc0728.jpg','18568887789','029-82881234','深圳南山',NULL,1,0,'2019-09-23 20:10:55',NULL),(5,'李白','libai','$2a$10$oE39aG10kB/rFu2vQeCJTu/V/v4n6DRR0f8WyXRiAYvBpmadoOBE.','https://timgsa.baidu.com/timg?image&quality=80&size=b9999_10000&sec=1514093920321&di=913e88c23f382933ef430024afd9128a&imgtype=0&src=http%3A%2F%2Fp.3761.com%2Fpic%2F9771429316733.jpg','18568123489','029-82123434','海口美兰',NULL,1,0,'2019-09-23 20:10:58',NULL),(10,'韩愈','hanyu','$2a$10$oE39aG10kB/rFu2vQeCJTu/V/v4n6DRR0f8WyXRiAYvBpmadoOBE.','https://ss3.bdstatic.com/70cFv8Sh_Q1YnxGkpoWK1HF6hhy/it/u=1406745149,1563524794&fm=27&gp=0.jpg','18568123666','029-82111555','广州番禺',NULL,1,0,'2019-09-23 20:11:00',NULL),(11,'柳宗元','liuzongyuan','$2a$10$oE39aG10kB/rFu2vQeCJTu/V/v4n6DRR0f8WyXRiAYvBpmadoOBE.','https://timgsa.baidu.com/timg?image&quality=80&size=b9999_10000&sec=1515233756&di=0856d923a0a37a87fd26604a2c871370&imgtype=jpg&er=1&src=http%3A%2F%2Fwww.qqzhi.com%2Fuploadpic%2F2014-09-27%2F041716704.jpg','18568123377','029-82111333','广州天河',NULL,1,0,'2019-09-23 20:11:01',NULL),(12,'曾巩','zenggong','$2a$10$oE39aG10kB/rFu2vQeCJTu/V/v4n6DRR0f8WyXRiAYvBpmadoOBE.','https://timgsa.baidu.com/timg?image&quality=80&size=b9999_10000&sec=1517070040185&di=be0375e0c3db6c311b837b28c208f318&imgtype=0&src=http%3A%2F%2Fimg2.soyoung.com%2Fpost%2F20150213%2F6%2F20150213141918532.jpg','18568128888','029-82111222','广州越秀',NULL,1,0,'2019-09-23 20:11:02',NULL),(13,'Tsien','tsien','$2a$10$oE39aG10kB/rFu2vQeCJTu/V/v4n6DRR0f8WyXRiAYvBpmadoOBE.','https://timgsa.baidu.com/timg?image&quality=80&size=b9999_10000&sec=1517070040185&di=be0375e0c3db6c311b837b28c208f318&imgtype=0&src=http%3A%2F%2Fimg2.soyoung.com%2Fpost%2F20150213%2F6%2F20150213141918532.jpg','16601130186','010-110','北京西城',NULL,1,0,'2019-10-14 01:48:37',NULL);
/*!40000 ALTER TABLE `user` ENABLE KEYS */;
UNLOCK TABLES;

--
-- Table structure for table `user_role_relation`
--

DROP TABLE IF EXISTS `user_role_relation`;
/*!40101 SET @saved_cs_client     = @@character_set_client */;
/*!50503 SET character_set_client = utf8mb4 */;
CREATE TABLE `user_role_relation` (
  `id` bigint(20) NOT NULL AUTO_INCREMENT COMMENT '用户与角色关联关系表主键',
  `user_id` bigint(20) DEFAULT NULL COMMENT '用户ID',
  `role_id` bigint(20) DEFAULT NULL COMMENT '角色ID',
  PRIMARY KEY (`id`),
  KEY `rid` (`role_id`),
  KEY `hr_role_ibfk_1` (`user_id`)
) ENGINE=InnoDB AUTO_INCREMENT=50 DEFAULT CHARSET=utf8 COMMENT='用户与角色关联关系表';
/*!40101 SET character_set_client = @saved_cs_client */;

--
-- Dumping data for table `user_role_relation`
--

LOCK TABLES `user_role_relation` WRITE;
/*!40000 ALTER TABLE `user_role_relation` DISABLE KEYS */;
INSERT INTO `user_role_relation` (`id`, `user_id`, `role_id`) VALUES (1,3,6),(9,5,1),(10,5,4),(35,12,4),(36,12,3),(37,12,2),(43,11,3),(44,11,2),(45,11,4),(46,11,5),(48,10,3),(49,10,4);
/*!40000 ALTER TABLE `user_role_relation` ENABLE KEYS */;
UNLOCK TABLES;
/*!40103 SET TIME_ZONE=@OLD_TIME_ZONE */;

/*!40101 SET SQL_MODE=@OLD_SQL_MODE */;
/*!40014 SET FOREIGN_KEY_CHECKS=@OLD_FOREIGN_KEY_CHECKS */;
/*!40014 SET UNIQUE_CHECKS=@OLD_UNIQUE_CHECKS */;
/*!40101 SET CHARACTER_SET_CLIENT=@OLD_CHARACTER_SET_CLIENT */;
/*!40101 SET CHARACTER_SET_RESULTS=@OLD_CHARACTER_SET_RESULTS */;
/*!40101 SET COLLATION_CONNECTION=@OLD_COLLATION_CONNECTION */;
/*!40111 SET SQL_NOTES=@OLD_SQL_NOTES */;

-- Dump completed on 2019-12-25 10:58:47
